record_idx,q_idx,reason,old_answer,new_answer,note,question,explanation
1,0,được sửa đổi,C,A,explanation supports A,"Based on the above premises, which is the strongest conclusion?
A. Sophia qualifies for the university scholarship
B. Sophia needs a faculty recommendation to qualify for the scholarship
C. Sophia is eligible for the international program
D. Sophia needs to pass the language proficiency exam to get an honors diploma","Premises 7 and 8 confirm Sophia completed the core curriculum and passed the science assessment, satisfying premise 1 for advanced courses. Premise 9’s research methodology and premise 2 make her eligible for the international program. Premise 10’s capstone project and premise 4 award her an honors diploma. Premise 11’s community service and premise 5 qualify her for the university scholarship, making A the strongest conclusion. Option B is false because community service suffices without a recommendation. Option C is true but weaker, as scholarship implies international program eligibility. Option D is false because language proficiency is not required via premise 2’s path."
2,0,được sửa đổi,C,A,explanation supports A,"Based on the above premises, which conclusion is correct?
A. Sophia qualifies for the university scholarship
B. Sophia needs a faculty recommendation to qualify for the scholarship
C. Sophia is eligible for the international program
D. Sophia needs to pass the language proficiency exam to get an honors diploma","Premises 7 and 8 confirm Sophia completed the core curriculum and passed the science assessment, satisfying premise 1 for advanced courses. Premise 9’s research methodology and premise 2 make her eligible for the international program. Premise 10’s capstone project and premise 4 award her an honors diploma. Premise 11’s community service and premise 5 qualify her for the university scholarship, supporting option A. Option B is false because community service suffices without a recommendation. Option C is true but weaker than A, as scholarship implies prior eligibility. Option D is false because language proficiency is not required via premise 2’s path."
7,1,được sửa đổi,No,Yes,explanation supports Yes,"Does Dr. John’s PhD qualification make him eligible to be a research mentor, according to the premises?","Premise 8 confirms Dr. John’s PhD, and premise 7 confirms his faculty status. Premise 6 establishes PhD is higher than MSc, so premise 2 qualifies him to teach graduate courses. Premise 3 confirms that graduate teaching implies research mentorship eligibility, so his PhD qualification entails mentorship eligibility."
11,0,được sửa đổi,C,A,explanation supports A,"Based on Alex's status, which statement is correct?
A. Alex can use equipment but cannot book training without a trainer
B. Alex can book personal training sessions if assigned a trainer
C. Alex needs a longer membership duration
D. Alex must pay additional fees","Premises 3 and 7 confirm Alex paid fees for a valid membership, premise 1 confirms safety orientation, and premise 4 allows equipment use, so Alex can use equipment. Premise 5 requires a trainer to book training, which isn’t confirmed, supporting option A. Option B is uncertain without a confirmed trainer. Option C is false because 8 months exceeds 6 per premise 6. Option D is false because fees are paid per premise 3."
12,0,được sửa đổi,D,B,explanation supports B,"Based on the requirements, which statement about Sarah is correct?
A. She can take advanced classes because she has approval
B. She cannot take advanced classes due to insufficient completed courses
C. She is eligible but lacks approval
D. Her active status alone qualifies her","Premise 3 confirms Sarah has active status, but premise 4 states she completed only 4 courses, which is below the 5-course threshold for eligibility in premise 1. Thus, Sarah cannot take advanced classes due to insufficient courses, supporting option B. Option A is false because approval alone isn’t enough without eligibility. Option C is false because Sarah is not eligible and has approval. Option D is false because active status requires 5 courses for eligibility."
13,1,được sửa đổi,No,Yes,explanation supports Yes,"Can Professor John supervise graduate-level research based on his PhD qualification, according to the premises?","Premise 5 confirms Professor John’s PhD, premise 1 establishes that a PhD qualifies him to teach graduate courses, and premise 4 confirms that teaching qualification enables him to supervise graduate-level research, so John can supervise research."
14,1,được sửa đổi,No,Yes,explanation supports Yes,"Can Dr. John teach undergraduate courses, according to the premises?","Premise 7 confirms Dr. John has a PhD, premise 3 establishes that a PhD is higher than a Master’s, and premise 2 allows lecturers with a degree higher than a Master’s to teach undergraduate courses, so John can teach."
16,0,drop,B,,explanation ambiguous / multi-support / non-committal,"Based on Alex's status, which statement is correct?
A. Alex can use equipment but can't book training
B. Alex can book personal training sessions
C. Alex needs longer membership duration
D. Alex must pay additional fees","Alex has a valid card (1) and completed orientation (2), so he can use equipment via the first rule. He also has 8 months of membership (3), making him eligible for trainer assignment. Although the premise does not state explicitly that a trainer has been assigned, the question assumes it as true for the context of checking qualification. Therefore, he can book training."
16,1,drop,Yes,,explanation ambiguous / multi-support / non-committal,Does the logical sequence demonstrate that Alex meets all requirements for booking training sessions?,"Yes, because Alex meets the prerequisites: use of equipment (1+2), duration (3), and paid fees (4) ensure valid membership and trainer eligibility, satisfying all logical conditions for booking personal training sessions."
17,1,được sửa đổi,No,Yes,explanation supports Yes,"Does Minh qualify to take Biochemistry based on her completed coursework, according to the premises?","Premise 7 states Minh completed Organic Chemistry, and premise 3 states that completing Organic Chemistry qualifies a student to take Biochemistry, so Minh qualifies based on her coursework."
27,0,được sửa đổi,Unknown,A,explanation supports A,"Based on the learning principles, which combination of factors most significantly decreases learning efficiency?
A. Procrastination + passive review + sleep deprivation
B. Clear deadlines + high stress
C. Pomodoro technique + overwhelming task size
D. Task breakdown + excessive distractions","Option A combines procrastination (delaying effort), passive review (less retention compared to active recall), and sleep deprivation (impairing memory consolidation), all of which directly harm learning efficiency."
27,1,drop,Unknown,,explanation ambiguous / multi-support / non-committal,Which premises directly support the conclusion about decreased learning efficiency?,"Premises 1, 3, and 7 are used: Premise 1 links procrastination to effort gaps, Premise 3 shows passive review is inferior, and Premise 7 (via Premise 6) indicates sleep deprivation disrupts memory, collectively supporting decreased learning efficiency."
28,0,được sửa đổi,Unknown,A,explanation supports A,"Based on the mission parameters, which scenario accurately describes Luna's Mars expedition?
A. Flawless simulations, minor trajectory tweak, routine rover check, brief signal delay
B. Failed simulations, audit rejection, high radiation, equipment breakdown
C. Incomplete training, miscalculated trajectory, unsafe landing, delayed return
D. Perfect execution, instant breakthrough, permanent Mars base","Option A describes a successful mission where Luna excels in simulations (Premise 9), the trajectory is calculated with a minor tweak (Premise 11), the rover functions with a routine check (Premise 13), and a brief signal delay occurs without losing contact (Premise 16). The core chain (Premises 1–5) ensures clearance, approval, departure, landing, samples, and a possible breakthrough, aligning with a realistic, successful expedition with minor adjustments."
30,0,được sửa đổi,Unknown,A,explanation supports A,"Based on the learning strategies, which combination is most effective for comprehension and retention?
A. Structured plan + hands-on experiments + visualization
B. Interactive tools + excessive screen time + cognitive fatigue
C. Minimal distractions + historical perspectives + leisure overload
D. Physical exercise + parallel subjects + scattered focus","Option A is most effective because a structured plan ensures consistent learning (Premise 1), hands-on experiments build intuition for abstract concepts (Premise 6), and visualization enhances recall and understanding (Premise 12), directly improving comprehension and retention. Other options include negatives (e.g., fatigue, scattered focus) or less targeted benefits."
37,0,drop,Unknown,,explanation ambiguous / multi-support / non-committal,"Which of the following can be inferred about students?
A. All students complete all assigned exercises
B. Some students seek help from teaching assistants when needed
C. All students have a consistent study routine
D. Some students do not attend class regularly","There exists a student who completes exercises (premise 1), and seeking help implies exercise completion (premise 4). Thus, some students may seek help, derived through multiple steps."
37,1,được sửa đổi,No,Yes,explanation supports Yes,"Is the following statement true? Statement: If there exists at least one student who attends class regularly, then there exists at least one student who completes all assigned exercises","All students attend class regularly (premise 2), implying at least one does, and there exists a student who completes exercises (premise 1). The statement is true, requiring steps to confirm."
40,1,được sửa đổi,No,Yes,explanation supports Yes,"According to the premises, is the following statement true?
Statement: If a student passes the math exam, they will excel in mathematics.","Premise 9 states that if a student passes the exam, they complete the curriculum (Pass → Graduate). Premise 10 states that completing the curriculum leads to excelling in math (Graduate → Excel). Therefore, a student who passes the exam will excel in mathematics."
41,0,được sửa đổi,Unknown,A,explanation supports A,"Based on the premises, which statement is correct?
A. Anyone with experience in their field must be hardworking.
B. Some people are responsible but not punctual.
C. All hardworking people are responsible.","Premise 8 states that if a person has experience in their field, then they are hardworking. This directly supports statement A, which says anyone with experience must be hardworking. The other options contradict or are not supported by the premises."
41,1,được sửa đổi,No,Yes,explanation supports Yes,"According to the premises, is the following statement true?
Statement: If a person is promoted, they will become a leader in their organization.","Premise 9 states that if a person is promoted, they are recognized by their employer. Premise 10 adds that if a person is recognized, they will become a leader. Thus, being promoted leads to becoming a leader through a logical chain."
42,0,được sửa đổi,Unknown,A,explanation supports A,"Based on the premises, which statement is correct?
A. There exists at least one student who is eligible for a scholarship.
B. Submitting all assignments on time never improves GPA.
C. All students on the honor roll never have high GPAs.","Premise 4 states that at least one student is on the honor roll. Premise 10 tells us that anyone on the honor roll must have a high GPA, and Premise 5 says that having a high GPA makes one eligible for a scholarship. So, it logically follows that at least one student is eligible."
42,1,được sửa đổi,No,Yes,explanation supports Yes,"According to the premises, is the following statement true?
Statement: There exists at least one student on the honor roll who is eligible for a scholarship.","Premise 4 says there is at least one student on the honor roll. Premise 10 states that all honor roll students have a high GPA, and Premise 5 adds that a high GPA makes a student eligible for a scholarship. So, at least one honor roll student must be eligible for a scholarship."
43,1,được sửa đổi,No,Yes,explanation supports Yes,"Is the following statement true according to the premises?
Statement: There exists a positive feedback loop where improved grades lead to scholarship eligibility which leads to more study time and further grade improvement.","Premises 1, 2, 6, 7, 8, and 9 form a chain: improving grades leads to high grades, which leads to scholarship eligibility, reduced tuition, less financial burden, more study time, and back to improving grades, confirming a positive feedback loop, so the answer is Yes."
47,0,được sửa đổi,Unknown,B,explanation supports B,"Based on the premises, which statement is correct?
A. If a student manages their time effectively, they receive feedback on assignments.
B. A student who uses feedback improves their grades.
C. If a student has high academic performance, they are less likely to get job opportunities.
D. If a student does not attend lectures, they definitely cannot understand the subject.",The statement in option B is directly supported by Premise 10: all students who actively use feedback improve their grades.
47,1,được sửa đổi,No,Yes,explanation supports Yes,"According to the premises, is the following statement true?
Statement: There exists a complete pathway from attending lectures regularly to receiving job opportunities.",A logical chain can be established from attending lectures → better understanding → better exam performance → higher GPA → high academic performance → job opportunities. All intermediate steps are supported by the premises.
49,0,drop,Unknown,,explanation ambiguous / multi-support / non-committal,"Based on the premises, which statement is correct?
A. Engaging in research improves a student's chances of gaining academic recognition.
B. A student who does not win an academic competition can still receive a merit award.
C. If a student participates in academic competitions, they will receive academic recognition.","Engaging in research increases a student’s chances of winning competitions (Premise 6), and winning competitions leads to academic recognition (Premise 3), forming a two-step logical inference."
49,1,được sửa đổi,No,Yes,explanation supports Yes,"According to the premises, is the following statement true?
Statement: There exists a complete pathway from engaging in research to receiving academic recognition.","A pathway exists from engaging in research to receiving recognition: research increases chance of winning (Premise 6), and winning leads to recognition (Premise 3), hence the claim is supported."
51,0,được sửa đổi,Unknown,B,explanation supports B,"Based on the premises above, which of the following statements can be logically concluded?
A. If a student applies for financial aid and qualifies, they are more likely to receive support and reduce financial stress.
B. If a student has less financial stress, they are more likely to perform better academically.
C. If a student does not qualify for any aid and takes no counseling, they are guaranteed to take on student loans.
D. If a student receives financial aid, their tuition burden remains the same.","Premises 8, 9, and 10 form a valid logical chain: Less stress → Better focus → Improved academics. Hence B is the only option that can be logically concluded."
51,1,được sửa đổi,No,Yes,explanation supports Yes,"Based on the premises, is the following rule enforced?
Rule: If a student applies for financial aid, and they have a low family income, they increase their chances of receiving support and reducing tuition burden.","If a student applies for financial aid and has low family income (Premise 3), they qualify. Applying increases chance (Premise 6), and receiving aid reduces tuition burden (Premise 7). Therefore, the rule is enforced."
52,0,được sửa đổi,Unknown,B,explanation supports B,"Based on the above premises, which statement can be logically inferred?
A. Practicing Python regularly always results in worse coding skills.
B. Practicing Python regularly improves coding skills.
C. Students who do not practice Python regularly become proficient in Python.
D. Practicing Python has no effect on a student’s coding abilities.",Premise 3 directly supports that practicing Python regularly improves coding skills. The other options contradict or are not supported by any premise.
54,0,drop,Unknown,,explanation ambiguous / multi-support / non-committal,"Based on the above premises, which statement can be inferred?
A. A cost-effective Raspberry Pi system may fail to support all versatile use-cases if it is not thoroughly tested and well-documented.
B. Every Raspberry Pi system is necessarily versatile if it is cost-effective.
C. If a Raspberry Pi system is cost-effective but not thoroughly tested and well-documented, then it is still versatile.
D. A Raspberry Pi system is necessarily versatile even if it is not cost-effective.","To infer option A, we need to understand that 'simple to use' leads to both cost-effectiveness and versatility (Premises 1 and 4). All systems are thoroughly tested (Premise 6), but if that testing is absent, the versatility might not hold (Premise 12). Hence, it's a 2-step reasoning path requiring 4 premises."
55,1,được sửa đổi,No,Yes,explanation supports Yes,"Based on the above premises, answer the following: Is the following statement true?
""If an EV charging station being not widely available implies that it is not thoroughly maintained, then every EV charging station that is widely available supports fast charging.""","The statement holds true because Premise 6 affirms that widely available stations support fast charging, and Premise 7 ensures this remains valid under the given conditions."
56,1,được sửa đổi,No,Yes,explanation supports Yes,"Based on the above premises, is the following statement true?
Statement: If a microchip is not functional, then it does not have a stable power supply.",Answer 'Yes' is correct because Premise 6 states that a non-functional microchip does not have a stable power supply.
59,0,được sửa đổi,No,Yes,explanation supports Yes,Does every drone have a GPS system?,"From premise 10 ('All drones follow the flight path') and premise 11 ('If a drone follows the flight path, then it is equipped with a GPS system'), it follows that every drone has a GPS system. For any drone x, premise 10 gives FollowsFlightPath(x), and premise 11 allows us to conclude HasGPS(x) via modus ponens, universally."
59,1,được sửa đổi,No,Yes,explanation supports Yes,Are all drones operating safely?,"From premise 9 ('All drones have a stable power supply') and premise 12 ('If a drone does not have a stable power supply, then it is not operating safely'), it follows that all drones are operating safely. Premise 9 ensures no drone lacks a stable power supply, and premise 12’s contrapositive implies that all drones are safe."
64,0,được sửa đổi,No,Yes,explanation supports Yes,Does every AI application receive notable academic recognition?,"From premise 9 ('Every AI application is widely adopted in educational institutions') and premise 5 ('If an AI application is widely adopted in educational institutions, then it receives notable academic recognition'), it follows that every AI application receives academic recognition. For any x, WidelyAdoptedInEducation(x) holds, and premise 5 implies ReceivesAcademicRecognition(x) via modus ponens."
65,1,được sửa đổi,No,Yes,explanation supports Yes,Are all cloud services cost-effective?,"From premise 10 ('All cloud services meet performance standards') and premise 5 ('If a cloud service meets performance standards, then it is cost-effective'), it follows that all cloud services are cost-effective. For any service x, MeetsPerformanceStandards(x) holds, and premise 5 implies CostEffective(x) via modus ponens, universally."
67,0,được sửa đổi,No,Yes,explanation supports Yes,Are all smartphones highly efficient?,"From premise 4 ('Every smartphone is equipped with the latest processor') and premise 5 ('If a smartphone is equipped with the latest processor, then it is highly efficient'), it follows that all smartphones are highly efficient. For any x, LatestProcessor(x) holds, and premise 5 implies HighlyEfficient(x) via modus ponens, universally."
70,1,được sửa đổi,No,Yes,explanation supports Yes,Do all academic works meet quality standards?,"Premise 12 states all academic works are scientifically sound, and premise 15 says if a work is not scientifically sound, it does not meet quality standards. Since all are scientifically sound, all must meet quality standards to avoid contradiction."
71,0,được sửa đổi,No,Yes,explanation supports Yes,Do all C++ projects adhere to modern C++ standards?,"Premise 5 states every C++ project is well-designed and maintainable, and premise 4 says if a project is well-designed and maintainable, it adheres to modern C++ standards. Thus, for any x, WellDesignedMaintainable(x) holds, and premise 4 implies ModernCppStandards(x), so all projects adhere to modern standards."
73,0,được sửa đổi,Unknown,A,explanation supports A,"Based on the above premises, which statement can be inferred?
A. If a student receives a scholarship, they must be excellent.
B. If a student does not participate in extracurricular activities, then they receive a scholarship.
C. If a student does not submit their research paper, then they are excellent.
D. If all enrolled students are excellent, then no student without excellence can receive a scholarship.","From premise 2: if not excellent then not scholarship, we can contrapose to get: if scholarship then excellent. Premise 6 says all enrolled students are excellent, so combining we get the conclusion in A."
73,1,được sửa đổi,No,Yes,explanation supports Yes,"Based on the above premises, is the statement true?
Statement: If a student receives a scholarship, they must be excellent.",The statement is logically equivalent to premise 2 by contraposition: if not excellent → not scholarship implies if scholarship → excellent.
74,0,được sửa đổi,Unknown,B,explanation supports B,"Based on the above premises, which statement can be inferred?
A. If a school does not have a principal, then it cannot have students.
B. If a school has students, then it must also have staff and teachers.
C. If a school has staff, then it must have a principal.
D. Every school has both students and teachers.","From premise 8, we know that if a school has students, it has staff. From premise 13, if a school has staff, then it has teachers. So, if a school has students, it must have staff and then teachers."
74,1,được sửa đổi,No,Yes,explanation supports Yes,"Based on the above premises, is the statement true?
Statement: If a school has students, then it has teachers.","This is the contrapositive of premise 11: 'If a school does not have teachers, then it does not have students' implies that 'If a school has students, then it has teachers'."
75,0,được sửa đổi,Unknown,A,explanation supports A,"Based on the above premises, which statement can be inferred?
A. If everyone is a student, and if someone not being a student implies they are not a teacher, then everyone is a university staff member.
B. If there is at least one researcher, then there is no university staff member.
C. If everyone is a teacher, then there is no researcher.
D. If someone is not a student, then they are a researcher.","From premise 4, if someone is not a student, then they are not a teacher. From premise 3, everyone is a student. So, the antecedent of premise 12 is satisfied, which concludes that everyone is a university staff member."
75,1,được sửa đổi,No,Yes,explanation supports Yes,"Based on the above premises, is the statement true?
Statement: If everyone is a teacher, then there is at least one researcher.","Premise 2 states directly that if everyone is a teacher, then there is at least one researcher, so the statement is true."
76,0,được sửa đổi,Unknown,C,explanation supports C,"Based on the above premises, which statement can be inferred?
A. If someone does not fully participate in conduct training, then they are not eligible for graduation.
B. If someone does not fully participate in social work, then everyone is a student.
C. If everyone in the university is a student, then there is at least one student eligible for graduation.
D. If there exists a student eligible for graduation, then no student fully participates in conduct training.","From premise 0, everyone is a student. From premise 8, if everyone is a student, then there is at least one student eligible for graduation. So the conclusion in C follows."
76,1,được sửa đổi,No,Yes,explanation supports Yes,"Based on the above premises, is the statement true?
Statement: If someone does not fully participate in social work, then everyone fully participates in conduct training.","Premise 5 says if someone doesn't do social work, they're not eligible to graduate. Premise 13 says if that implication holds, then every student fully participates in conduct training. Since the antecedent of premise 13 is satisfied, the conclusion must be true."
77,0,được sửa đổi,Unknown,B,explanation supports B,"Based on the above premises, which statement can be inferred?
A. If a student participates in social work, then they meet academic requirements.
B. If someone participates in social work, then they meet extracurricular requirements.
C. If someone meets academic requirements, then they are not a student.
D. If a student meets academic requirements, they are not eligible for graduation.","From premise 0, if x participates in social work then x meets extracurricular requirements. Premise 3 says there is at least one student who participates in social work, so for that person the implication applies and they meet extracurricular requirements."
77,1,được sửa đổi,No,Yes,explanation supports Yes,"Based on the above premises, is the statement true?
Statement: If someone meets academic requirements, then if they fully participate in conduct training, they are eligible for graduation.","From premise 1 (if x meets academic requirements then x is a student), and premise 2 (this implication implies that conduct training leads to graduation), we can deduce that if someone meets academic requirements and does conduct training, they are eligible for graduation."
78,0,được sửa đổi,Unknown,A,explanation supports A,"Based on the above premises, which statement can be inferred?
A. If a student does not attend review sessions, then they do not earn extra credit.
B. If a student does not participate in study groups, they will fail.
C. If a student submits assignments on time, they do not achieve good grades.
D. If a student does not complete fundamental courses, then they did not attend review sessions.","Premise 5 clearly states that if a student does not attend review sessions, then they do not earn extra credit. So A is directly supported."
78,1,được sửa đổi,No,Yes,explanation supports Yes,"Based on the above premises, is the statement true?
Statement: If submitting assignments on time implies achieving good grades, then not attending review sessions implies not completing the fundamental courses.","From Premise 1, we have that submitting assignments on time implies good grades. Premise 3 tells us that if this implication holds, then not attending review sessions leads to not completing fundamental courses. Hence, the statement follows."
79,0,được sửa đổi,Unknown,A,explanation supports A,"Based on the above premises, which statement can be inferred?
A. If a student attends classes, then they receive extra credit.
B. If a student receives extra credit, then they do not study regularly.
C. If a student studies regularly, then they do not achieve good grades.
D. If a student submits assignments on time, then they do not receive extra credit.","Premise 0 directly states that if a student attends classes, then they receive extra credit. This supports option A."
79,1,được sửa đổi,No,Yes,explanation supports Yes,"Based on the above premises, is the statement true?
Statement: If achieving good grades implies studying regularly, then not receiving extra credit implies that the student does not submit assignments on time.","From premise 1, if achieving good grades implies studying regularly, and premise 3 says that this implication implies that not receiving extra credit implies not submitting assignments on time, then the statement is valid."
80,0,drop,Unknown,,explanation ambiguous / multi-support / non-committal,"Based on the above premises, which statement can be inferred?
A. If a student does not complete their assignments, then they do not achieve high scores.
B. If a student submits homework on time, then they receive bonus points.
C. If a student does not attend class, they will achieve high scores.
D. If a student achieves high scores, then they did not study regularly.","From premise 5, if a student studies regularly, they complete their assignments. From premise 2, if they don't study regularly, they don't achieve high scores. By contraposition and chaining, if a student does not complete assignments, they likely didn't study regularly and thus do not achieve high scores."
80,1,được sửa đổi,No,Yes,explanation supports Yes,"Based on the above premises, is the statement true?
Statement: If a student studies regularly, then they complete their assignments.","Premise 5 directly states that studying regularly implies completing assignments, so the statement is true."
81,0,được sửa đổi,Unknown,A,explanation supports A,"Based on the above premises, which statement can be inferred?
A. If a student submits assignments on time, then they receive extra credit.
B. If a student receives extra credit, then they study regularly.
C. If a student achieves good grades, then they do not receive extra credit.
D. If a student does not submit assignments on time, then they study regularly.","Premise 6 directly states that if a student submits assignments on time, then they receive extra credit. This supports option A."
81,1,được sửa đổi,No,Yes,explanation supports Yes,"Based on the above premises, is the statement true?
Statement: If a student submits assignments on time, then they receive extra credit.",This is exactly what is stated in premise 6: submitting assignments on time leads to receiving extra credit.
82,0,được sửa đổi,Unknown,B,explanation supports B,"Based on the above premises, which statement can be inferred?
A. If a student does not achieve good grades, then they do not receive extra credit.
B. If a student receives extra credit, then they achieve good grades.
C. If a student does not attend class, they receive extra credit.
D. If a student submits assignments on time, then they do not receive extra credit.","From premise 6: if a student does not achieve good grades, then they do not submit on time. From premise 2: not submitting on time implies not attending class. From premise 5: attending class implies extra credit. By contraposing the chain, we get: if a student receives extra credit, then they achieve good grades."
82,1,được sửa đổi,No,Yes,explanation supports Yes,"Based on the above premises, is the statement true?
Statement: If a student attends classes, then they receive extra credit.","Premise 5 directly states that if a student attends class, then they receive extra credit, so the statement is true."
83,0,được sửa đổi,Unknown,A,explanation supports A,"Based on the above premises, which statement can be inferred?
A. If every student participates in research, then every student takes advanced courses.
B. If a student does not participate in research, then they do not win a scholarship.
C. If a student takes advanced courses, then they participate in research.
D. If every student wins a scholarship, then no student participates in research.","Premise 0 states that if a student does not take advanced courses, then they do not participate in research. Taking the contrapositive gives: if a student participates in research, they must have taken advanced courses. Premise 6 states that every student participates in research, so it follows that every student takes advanced courses."
83,1,được sửa đổi,No,Yes,explanation supports Yes,"Based on the above premises, is the statement true?
Statement: If every student wins a scholarship, then at least one student wins a scholarship.","If every student wins a scholarship (Premise 5), then by logical necessity, at least one student wins a scholarship. The universal statement implies the existential."
84,0,được sửa đổi,Unknown,A,explanation supports A,"Based on the above premises, which statement can be inferred?
A. If a student wins a scholarship, then they publish research.
B. If a student publishes research, then they take advanced courses.
C. If a student is not a student, then they do not win a scholarship.
D. If someone does not take advanced courses, then they cannot publish research.","From premise 0, a student takes advanced courses. From premise 1, this leads to winning a scholarship. From premise 5, winning a scholarship leads to publishing research. So, if a student wins a scholarship, they will publish research."
84,1,được sửa đổi,No,Yes,explanation supports Yes,"Based on the above premises, is the statement true?
Statement: There exists someone who wins a scholarship.","Premise 6 says someone publishes research. Premise 5 states that publishing research is only possible if the person has won a scholarship. So, at least one person must have won a scholarship."
85,0,được sửa đổi,Unknown,A,explanation supports A,"Based on the above premises, which statement can be inferred?
A. If someone is a researcher, then they are qualified.
B. If someone is a professor, then they are not qualified.
C. If someone is qualified, then they are a student.
D. If someone takes courses, then they are a professor.","From premise 5, if someone is not qualified, then they are not a researcher. The contrapositive gives us: if someone is a researcher, then they are qualified."
85,1,được sửa đổi,No,Yes,explanation supports Yes,"Based on the above premises, is the statement true?
Statement: There exists someone who is qualified.","Premise 0 says there exists at least one student. Premise 2 tells us that students are researchers. From premise 5 (¬Qualified → ¬Researcher), we derive that researchers must be qualified. So at least one qualified person exists."
86,0,được sửa đổi,Unknown,A,explanation supports A,"Based on the above premises, which statement can be inferred?
A. If someone passes the exam, they are qualified.
B. If someone takes courses, then they are qualified.
C. If someone is not a student, they take courses.
D. If someone understands the lecture, then they are not a student.","From premise 2, if someone is not qualified, then they do not pass the exam. The contrapositive of this is: if someone passes the exam, they must be qualified."
86,1,được sửa đổi,No,Yes,explanation supports Yes,"Based on the above premises, is the statement true?
Statement: Everyone is a student.","Premise 5 says everyone understands lectures, and premise 6 says that if someone is not a student, they do not understand lectures. Using contraposition, we conclude that all who understand lectures are students. Since everyone understands, everyone must be a student."
87,0,được sửa đổi,Unknown,A,explanation supports A,"Based on the above premises, which statement can be inferred?
A. If someone takes the course, then they are a student.
B. If someone is a student, then they understand the lecture.
C. If someone is not registered for the course, they pass the exam.
D. If someone understands the lecture, then they are not a student.","From premise 5, if someone is not registered, they do not take the course. Contraposing gives: if someone takes the course, they are registered. From premise 6, if they are registered, they are a student. So, if someone takes the course, they are a student."
87,1,được sửa đổi,No,Yes,explanation supports Yes,"Based on the above premises, is the following statement true?
Statement: If someone understands the lecture, then they pass the exam.","Premise 1 directly states that if someone understands the lecture, they pass the exam. So the statement is true."
88,0,được sửa đổi,Unknown,A,explanation supports A,"Based on the above premises, which statement can be inferred?
A. A person is qualified if and only if they are registered.
B. A person is qualified only if they are not registered.
C. A person is registered only if they do not study.
D. A person is qualified only if they do not train.","Premise 0 states that if a person is not registered, then they are not qualified. Premise 6 states that if a person is not qualified, then they are not registered. Together, these give us the logical equivalence: a person is qualified if and only if they are registered."
88,1,được sửa đổi,No,Yes,explanation supports Yes,"Based on the above premises, is the following statement true?
Statement: If someone studies, then they are registered.","From premise 1, we know that if someone studies, they are qualified. From premise 6, we know that if someone is not qualified, they are not registered. Contrapositive gives us: if someone is qualified, they are registered. So studying implies registration."
89,0,được sửa đổi,Unknown,A,explanation supports A,"Based on the above premises, which statement can be inferred?
A. Everyone studies.
B. Everyone is not registered.
C. If someone is registered, then they are not an undergraduate.
D. No one is qualified.","From premise 2, we know everyone is registered. Premise 3 states that if someone is not studying, then they are not registered. The contrapositive of that is: if someone is registered, then they are studying. Since everyone is registered, everyone must be studying."
89,1,được sửa đổi,No,Yes,explanation supports Yes,"Based on the above premises, is the following statement true?
Statement: If someone is an undergraduate, then they are registered.","Premise 0 directly states that if someone is an undergraduate, then they must be registered. So the statement is true."
90,1,được sửa đổi,No,Yes,explanation supports Yes,"Based on the above premises, is the statement true?
Statement: 'If a student does not submit their research paper and fails two or more courses in a semester, they automatically fail the course and are placed on academic probation.'","From premise 10, we know that if a student does not submit their research paper, they automatically fail the course. From premise 8, we know that if a student fails two or more courses in a semester, they are placed on academic probation. Therefore, if a student does not submit their research paper and fails two or more courses in a semester, they automatically fail the course (from premise 10) and are placed on academic probation (from premise 8), making the statement true."
91,0,được sửa đổi,Unknown,A,explanation supports A,"Based on the above premises, which conclusion is correct?
A. If students who do not complete foundational courses cannot graduate, then all students must complete the foundational courses.
B. If failing to complete foundational courses leads to ineligibility for graduation, then all students must complete the foundational courses.
C. If students who do not submit their research papers cannot receive a passing grade, then all students must participate in group projects.
D. If a student does not participate in extracurricular activities, they will develop leadership skills.","From premise 5 (If a student does not complete the foundational courses, they will not be eligible for graduation) and premise 13 (If students who do not complete foundational courses cannot graduate, then all students must complete the foundational courses), we can infer that all students must complete the foundational courses. This is because if not completing the foundational courses leads to ineligibility for graduation, and this leads to the requirement that all students must complete the foundational courses, then it follows that all students must complete the foundational courses."
91,1,được sửa đổi,No,Yes,explanation supports Yes,"According to the above premises, is the following statement true?
Statement: If students who do not complete foundational courses cannot graduate, then all students must complete the foundational courses.","From premise 5 (If a student does not complete the foundational courses, they will not be eligible for graduation) and premise 13 (If students who do not complete foundational courses cannot graduate, then all students must complete the foundational courses), we can infer that all students must complete the foundational courses. This is because if not completing the foundational courses leads to ineligibility for graduation, and this leads to the requirement that all students must complete the foundational courses, then it follows that all students must complete the foundational courses."
92,0,được sửa đổi,Unknown,B,explanation supports B,"Based on the above premises, which statement can be inferred?
A. If attending academic conferences leads to gaining knowledge, then maintaining a high GPA leads to eligibility for scholarships.
B. If attending academic conferences leads to gaining knowledge, then students who do not maintain a high GPA will not be eligible for scholarships.
C. If attending academic conferences leads to gaining knowledge, then all students must complete their coursework.
D. If attending academic conferences leads to gaining knowledge, then students who do not receive academic recognition will not be selected for advanced research programs.","From premise 4 (If a student attends academic conferences, they gain knowledge in their field) and premise 9 (If attending academic conferences leads to gaining knowledge, then students who do not maintain a high GPA will not be eligible for scholarships), we can infer that if attending academic conferences leads to gaining knowledge, then students who do not maintain a high GPA will not be eligible for scholarships. This is because if attending academic conferences leads to gaining knowledge, then according to premise 9, students who do not maintain a high GPA will not be eligible for scholarships."
92,1,được sửa đổi,No,Yes,explanation supports Yes,"Based on the above premises, is the statement true?
Statement: If all students must complete their coursework, then students who do not receive academic recognition will not be selected for advanced research programs.","From premise 1 (All students must complete their coursework) and premise 11 (If all students must complete their coursework, then students who do not receive academic recognition will not be selected for advanced research programs), we can infer that if all students must complete their coursework, then students who do not receive academic recognition will not be selected for advanced research programs. This is because if all students must complete their coursework, then according to premise 11, students who do not receive academic recognition will not be selected for advanced research programs."
93,0,được sửa đổi,Unknown,A,explanation supports A,"Based on the premises, which statement can be logically inferred?
A. If all students must complete assignments and if a student does not attend classes, they will not complete assignments, then students who do not attend classes will not pass the exams.
B. If all students must complete assignments and if a student does not attend classes, they will not complete assignments, then students who do not attend classes will pass the exams.
C. If all students must complete assignments and if a student does not attend classes, they will not complete assignments, then all students will not pass the exams.
D. If all students must complete assignments and if a student does not attend classes, they will not complete assignments, then some students will not pass the exams.","From premise 2 (If a student does not attend classes, they will not complete assignments), premise 3 (All students must complete assignments), and premise 13 (If all students must complete assignments, then students who do not attend classes will not pass the exams), we can infer that if all students must complete assignments and if a student does not attend classes, they will not complete assignments, then students who do not attend classes will not pass the exams. This is because if all students must complete assignments, and not attending classes leads to not completing assignments, then according to premise 13, students who do not attend classes will not pass the exams."
93,1,được sửa đổi,No,Yes,explanation supports Yes,"According to the premises, is the following statement true?
Statement: If all students must complete assignments and if a student completes assignments, they will pass the exams, then all students will pass the exams.","From premise 3 (All students must complete assignments), premise 4 (If a student completes assignments, they will pass the exams), and premise 15 (All students pass the exams), we can infer that if all students must complete assignments and if a student completes assignments, they will pass the exams, then all students will pass the exams. This is because if all students must complete assignments, and completing assignments leads to passing exams, then according to premise 15, all students will pass the exams."
94,0,được sửa đổi,Unknown,A,explanation supports A,"Based on the premises, which statement can be logically inferred?
A. If all students pass the test and if a student passing the test implies they have studied, then all students have studied.
B. If all students pass the test and if a student passing the test implies they have studied, then not all students have studied.
C. If all students pass the test and if a student passing the test implies they have studied, then some students have not studied.
D. If all students pass the test and if a student passing the test implies they have studied, then no students have studied.","From premise 7 (All students pass the test) and premise 8 (If a student passes the test, then they have studied), we can infer that all students have studied. This is because if all students pass the test, and passing the test implies studying, then all students must have studied."
94,1,được sửa đổi,No,Yes,explanation supports Yes,"According to the premises, is the following statement true?
Statement: 'If all students pass the test and if a student passing the test implies they have studied, then all students have studied.'","From premise 7 (All students pass the test) and premise 8 (If a student passes the test, then they have studied), we can infer that all students have studied. This is because if all students pass the test, and passing the test implies studying, then all students must have studied."
95,0,được sửa đổi,Unknown,A,explanation supports A,"Based on the above premises, which of the following statements can be inferred?
A. If there exists at least one student who submits assignments and if at least one student submits assignments, then this is always true, then the statement 'If at least one student submits assignments, then this is always true' holds.
B. If there exists at least one student who submits assignments and if at least one student submits assignments, then this is always true, then the statement 'If at least one student submits assignments, then this is always true' does not hold.
C. If there exists at least one student who submits assignments and if at least one student submits assignments, then this is always true, then the statement 'If at least one student submits assignments, then this is always true' holds in some cases but not all.
D. If there exists at least one student who submits assignments and if at least one student submits assignments, then this is always true, then the statement 'If at least one student submits assignments, then this is always true' is both true and false at the same time.","From premise 6 (There exists at least one student who submits assignments), premise 9 (If at least one student submits assignments, then this is always true), and premise 10 (If the above statement is always true, then it remains valid for all cases), we can infer that if there exists at least one student who submits assignments and if at least one student submits assignments, then this is always true, then the statement 'If at least one student submits assignments, then this is always true' holds. This is because if there exists at least one student who submits assignments, then according to premise 9, this is always true, and according to premise 10, this remains valid for all cases."
95,1,được sửa đổi,No,Yes,explanation supports Yes,"Based on the above premises, is the following statement true?
Statement: If there exists at least one student who submits assignments and if at least one student submits assignments, then this is always true, then the statement 'If at least one student submits assignments, then this is always true' holds.","From premise 6 (There exists at least one student who submits assignments), premise 9 (If at least one student submits assignments, then this is always true), and premise 10 (If the above statement is always true, then it remains valid for all cases), we can infer that if there exists at least one student who submits assignments and if at least one student submits assignments, then this is always true, then the statement 'If at least one student submits assignments, then this is always true' holds. This is because if there exists at least one student who submits assignments, then according to premise 9, this is always true, and according to premise 10, this remains valid for all cases."
96,0,được sửa đổi,Unknown,A,explanation supports A,"Based on the above premises, which of the following statements can be inferred?
A. If all students qualifying for advanced placement must have high academic performance and if this ensures coursework completion, then students who qualify for advanced placement must have completed their coursework.
B. If all students qualifying for advanced placement must have high academic performance and if this ensures coursework completion, then students who qualify for advanced placement may not have completed their coursework.
C. If all students qualifying for advanced placement must have high academic performance and if this ensures coursework completion, then some students who qualify for advanced placement must have completed their coursework.
D. If all students qualifying for advanced placement must have high academic performance and if this ensures coursework completion, then students who qualify for advanced placement have both completed and not completed their coursework.","From premise 3 (If a student qualifies for an advanced placement class, they must have high academic performance), premise 8 (If a student qualifies for an advanced placement class, then they must have completed their coursework), and premise 9 (If all students qualifying for advanced placement must have high academic performance, then they must also have completed their coursework), we can infer that if all students qualifying for advanced placement must have high academic performance and if this ensures coursework completion, then students who qualify for advanced placement must have completed their coursework. This is because if qualifying for advanced placement requires high academic performance, and this leads to coursework completion according to premise 9, then according to premise 8, students who qualify for advanced placement must have completed their coursework."
96,1,được sửa đổi,No,Yes,explanation supports Yes,"Based on the above premises, is the following statement true?
Statement: If all students have high academic performance and if a student qualifies for an advanced placement class, then they must have completed their coursework.","From premise 3 (If a student qualifies for an advanced placement class, they must have high academic performance), premise 8 (If a student qualifies for an advanced placement class, then they must have completed their coursework), and premise 14 (All students have high academic performance), we can infer that if all students have high academic performance and if a student qualifies for an advanced placement class, then they must have completed their coursework. This is because if all students have high academic performance, and qualifying for advanced placement requires high academic performance according to premise 3, then according to premise 8, students who qualify for advanced placement must have completed their coursework."
97,0,được sửa đổi,Unknown,A,explanation supports A,"Based on the above premises, which statement can be inferred?
A. If all students must comply with the university's rules and regulations and students who do not comply with the rules will be subject to disciplinary action, then all students must complete the mandatory courses in the curriculum.
B. If all students must comply with the university's rules and regulations and students who do not comply with the rules will be subject to disciplinary action, then all students do not need to complete the mandatory courses in the curriculum.
C. If all students must comply with the university's rules and regulations and students who do not comply with the rules will be subject to disciplinary action, then some students must complete the mandatory courses in the curriculum.
D. If all students must comply with the university's rules and regulations and students who do not comply with the rules will be subject to disciplinary action, then no students must complete the mandatory courses in the curriculum.","From premise 1 (All students must comply with the university's rules and regulations), premise 2 (Students who do not comply with the rules will be subject to disciplinary action), and premise 3 (All students must complete the mandatory courses in the curriculum), we can infer that if all students must comply with the university's rules and regulations and students who do not comply with the rules will be subject to disciplinary action, then all students must complete the mandatory courses in the curriculum. This is because if all students must comply with the rules and not complying leads to disciplinary action, and completing the mandatory courses is part of the rules according to premise 3, then all students must complete the mandatory courses."
97,1,được sửa đổi,No,Yes,explanation supports Yes,"Based on the above premises, is the following statement true?
Statement: If all students must complete the mandatory courses in the curriculum, then students who do not complete the mandatory courses will not be eligible for graduation.","From premise 3 (All students must complete the mandatory courses in the curriculum) and premise 4 (Students who do not complete the mandatory courses will not be eligible for graduation), we can infer that if all students must complete the mandatory courses in the curriculum, then students who do not complete the mandatory courses will not be eligible for graduation. This is because if all students must complete the mandatory courses, and not completing them leads to ineligibility for graduation according to premise 4, then it follows that students who do not complete the mandatory courses will not be eligible for graduation."
98,0,được sửa đổi,Unknown,A,explanation supports A,"Based on the above premises, which statement can be inferred?
A. If at least one student has received a scholarship and if failing to follow academic policies results in no scholarship, then failing to follow academic policies prevents students from receiving scholarships.
B. If at least one student has received a scholarship and if failing to follow academic policies results in no scholarship, then failing to follow academic policies does not prevent students from receiving scholarships.
C. If at least one student has received a scholarship and if failing to follow academic policies results in no scholarship, then failing to follow academic policies sometimes prevents students from receiving scholarships.
D. If at least one student has received a scholarship and if failing to follow academic policies results in no scholarship, then failing to follow academic policies prevents students from receiving scholarships in some cases but not all.","From premise 1 (There exists at least one student who has received a scholarship), premise 7 (If a student does not follow the university’s academic policies, they cannot receive a scholarship), and premise 12 (If at least one student has received a scholarship, then failing to follow academic policies results in no scholarship), we can infer that if at least one student has received a scholarship and if failing to follow academic policies results in no scholarship, then failing to follow academic policies prevents students from receiving scholarships. This is because if at least one student has received a scholarship, and failing to follow academic policies results in no scholarship according to premise 12, then according to premise 7, failing to follow academic policies prevents students from receiving scholarships."
98,1,được sửa đổi,No,Yes,explanation supports Yes,"Based on the above premises, is the following statement true?
Statement: If at least one student has received a scholarship and if failing to follow academic policies results in no scholarship, then at least one student follows the university’s academic policies.","From premise 1 (There exists at least one student who has received a scholarship), premise 7 (If a student does not follow the university’s academic policies, they cannot receive a scholarship), and premise 13 (If failing to follow academic policies prevents students from receiving scholarships, then at least one student follows them), we can infer that if at least one student has received a scholarship and if failing to follow academic policies results in no scholarship, then at least one student follows the university’s academic policies. This is because if at least one student has received a scholarship, and failing to follow academic policies results in no scholarship according to premise 12, then according to premise 7, failing to follow academic policies prevents students from receiving scholarships, and according to premise 13, this means that at least one student follows the university’s academic policies."
99,0,được sửa đổi,Unknown,A,explanation supports A,"Based on the above premises, which statement can be inferred?
A. If at least one student has achieved outstanding academic performance and if having at least one student achieve outstanding academic performance leads to at least one student receiving a scholarship, then all students must comply with the examination regulations.
B. If at least one student has achieved outstanding academic performance and if having at least one student achieve outstanding academic performance leads to at least one student receiving a scholarship, then not all students must comply with the examination regulations.
C. If at least one student has achieved outstanding academic performance and if having at least one student achieve outstanding academic performance leads to at least one student receiving a scholarship, then some students must comply with the examination regulations.
D. If at least one student has achieved outstanding academic performance and if having at least one student achieve outstanding academic performance leads to at least one student receiving a scholarship, then no students must comply with the examination regulations.","From premise 4 (At least one student has achieved outstanding academic performance), premise 5 (If a student achieves outstanding academic performance, they will receive a scholarship), premise 8 (If at least one student achieves outstanding academic performance, then at least one student receives a scholarship), and premise 11 (If having at least one student achieve outstanding academic performance leads to at least one student receiving a scholarship, then all students must comply with the examination regulations), we can infer that if at least one student has achieved outstanding academic performance and if having at least one student achieve outstanding academic performance leads to at least one student receiving a scholarship, then all students must comply with the examination regulations. This is because if at least one student has achieved outstanding academic performance, and this leads to at least one student receiving a scholarship according to premises 5 and 8, then according to premise 11, all students must comply with the examination regulations."
99,1,được sửa đổi,No,Yes,explanation supports Yes,"Based on the above premises, is the following statement true?
Statement: If at least one student has been found violating the examination regulations and if a student violates the examination regulations, they will be subject to disciplinary action, then the university will take disciplinary action.","From premise 2 (If a student violates the examination regulations, they will be subject to disciplinary action), premise 3 (At least one student has been found violating the examination regulations), and premise 9 (If at least one student is found violating the examination regulations, the university will take disciplinary action), we can infer that if at least one student has been found violating the examination regulations and if a student violates the examination regulations, they will be subject to disciplinary action, then the university will take disciplinary action. This is because if at least one student has been found violating the examination regulations, and violating the examination regulations leads to disciplinary action according to premise 2, then according to premise 9, the university will take disciplinary action."
100,0,được sửa đổi,Unknown,A,explanation supports A,"Based on the premises, which of the following conclusions is correct?
A. If at least one student participates in an academic competition and if joining the research group requires contributing to a published paper, then at least one student must be involved in research, and this leads to contributing to at least one published paper.
B. If at least one student participates in an academic competition and if joining the research group requires contributing to a published paper, then at least one student must be involved in research, and this leads to not contributing to at least one published paper.
C. If at least one student participates in an academic competition and if joining the research group requires contributing to a published paper, then at least one student must be involved in research, and this leads to sometimes contributing to at least one published paper.
D. If at least one student participates in an academic competition and if joining the research group requires contributing to a published paper, then at least one student must be involved in research, and this leads to contributing to at least one published paper in some cases but not all.","From premise 6 (There exists at least one student who participates in an academic competition), premise 8 (If a student joins the research group, they must contribute to at least one published paper), premise 12 (If joining the research group requires contributing to a published paper, then at least one student must be involved in research), and premise 16 (If a student joins the research group, they must contribute to at least one published paper and actively participate in group discussions. Additionally, if they participate in academic competitions, they can receive academic recognition), we can infer that if at least one student participates in an academic competition and if joining the research group requires contributing to a published paper, then at least one student must be involved in research, and this leads to contributing to at least one published paper. This is because if at least one student participates in an academic competition, and joining the research group requires contributing to a published paper according to premises 8 and 12, then according to premise 16, this leads to contributing to at least one published paper."
100,1,được sửa đổi,No,Yes,explanation supports Yes,"According to the premises, is the following statement true?
Statement: If a student attends all lectures and submits assignments on time, then they will pass the course, but attending lectures alone is not sufficient to pass the course.","From premise 2 (If a student attends all lectures, they will have a higher chance of passing the course), premise 4 (If a student submits all assignments on time, they are likely to achieve a good grade), premise 5 (If a student does not submit assignments, they will not receive a passing grade), and premise 15 (If a student attends all lectures and submits assignments on time, they will pass the course), we can infer that if a student attends all lectures and submits assignments on time, then they will pass the course, but attending lectures alone is not sufficient to pass the course. This is because if attending all lectures only increases the chance of passing according to premise 2, and submitting assignments on time is necessary for a good grade and passing according to premises 4 and 5, then according to premise 15, both attending lectures and submitting assignments on time are required to pass the course."
101,0,được sửa đổi,Unknown,A,explanation supports A,"Based on the premises, which of the following statements is correct?
A. If at least one student who received a full scholarship has participated in research and if research participation improves scholarship chances, then at least one research student has a scholarship.
B. If at least one student who received a full scholarship has participated in research and if research participation improves scholarship chances, then at least one research student does not have a scholarship.
C. If at least one student who received a full scholarship has participated in research and if research participation improves scholarship chances, then some research students have scholarships while others do not.
D. If at least one student who received a full scholarship has participated in research and if research participation improves scholarship chances, then at least one research student has a scholarship in some cases but not all.","From premise 5 (If a student participates in research, they have a higher chance of receiving a scholarship), premise 7 (At least one student who received a full scholarship has participated in research), and premise 9 (If research participation improves scholarship chances, then at least one research student has a scholarship), we can infer that if at least one student who received a full scholarship has participated in research and if research participation improves scholarship chances, then at least one research student has a scholarship. This is because if at least one student who received a full scholarship has participated in research, and research participation improves scholarship chances according to premise 5, then according to premise 9, at least one research student has a scholarship."
101,1,được sửa đổi,No,Yes,explanation supports Yes,"According to the premises, is the following statement true?
Statement: If there exists at least one student who has received a full scholarship and at least one student who has lost a scholarship due to a GPA drop, then a student who has received a full scholarship must have demonstrated academic excellence.","From premise 4 (There exists at least one student who has received a full scholarship), premise 11 (If a student has received a full scholarship, they must have demonstrated academic excellence), and premise 13 (There exists at least one student who has lost a scholarship due to a GPA drop), we can infer that if there exists at least one student who has received a full scholarship and at least one student who has lost a scholarship due to a GPA drop, then a student who has received a full scholarship must have demonstrated academic excellence. This is because if there exists at least one student who has received a full scholarship, and receiving a full scholarship implies demonstrated academic excellence according to premise 11, then regardless of the existence of students who have lost scholarships, the statement holds true."
102,0,được sửa đổi,Unknown,A,explanation supports A,"Based on the rules above, which of the following statements is true?
A. If a student does not follow the school rules and if a student violates the school rules, they will be disciplined and banned from extracurricular activities, and if a student does not follow the dress code, they will be asked to change their clothes.
B. If a student does not follow the school rules and if a student violates the school rules, they will not be disciplined and banned from extracurricular activities, and if a student does not follow the dress code, they will be asked to change their clothes.
C. If a student does not follow the school rules and if a student violates the school rules, they will be disciplined and banned from extracurricular activities, and if a student does not follow the dress code, they will not be asked to change their clothes.
D. If a student does not follow the school rules and if a student violates the school rules, they will be disciplined and banned from extracurricular activities, and if a student does not follow the dress code, they will be asked to change their clothes in some cases but not all.","From premise 1 (If a student does not follow the school rules, the student will be disciplined), premise 3 (If a student violates the school rules, the student will be banned from extracurricular activities), premise 5 (If a student does not follow the dress code, the student will be asked to change their clothes), and premise 8 (If a student violates the mobile phone policy in class, the student's phone will be confiscated), we can infer that if a student does not follow the school rules and if a student violates the school rules, they will be disciplined and banned from extracurricular activities, and if a student does not follow the dress code, they will be asked to change their clothes. This is because if a student does not follow the school rules, they will be disciplined according to premise 1, and if they violate the school rules, they will be banned from extracurricular activities according to premise 3, and if they do not follow the dress code, they will be asked to change their clothes according to premise 5."
102,1,được sửa đổi,No,Yes,explanation supports Yes,"Based on the rules above, is the following statement true?
Statement: If there exists at least one student who has been disciplined for violating the school rules, then a student who violates the traffic safety rules will be fined according to the school's regulations.","From premise 4 (There exists at least one student who has been disciplined for violating the school rules) and premise 10 (If a student violates traffic safety rules, the student will be fined according to the school's regulations), we can infer that if there exists at least one student who has been disciplined for violating the school rules, then a student who violates the traffic safety rules will be fined according to the school's regulations. This is because if there exists at least one student who has been disciplined for violating the school rules, and violating traffic safety rules leads to a fine according to premise 10, then the statement holds true."
103,1,được sửa đổi,No,Yes,explanation supports Yes,"Based on the premises above, is the following statement true?
Statement: 'If a student violates the school policy on mobile phones, the student will receive a warning and be penalized.'","From premise 8, we know that if a student violates the school policy on mobile phones, they will receive a warning. From premise 11, we know that if a student violates the school rules on mobile phones, they will be penalized. Therefore, if a student violates the school policy on mobile phones, they will receive a warning and be penalized, making the statement true."
104,1,được sửa đổi,No,Yes,explanation supports Yes,"Based on the above premises, is the statement true?
Statement: 'If a student does not complete assignments and does not follow the study plan, they will not pass the exam and not be eligible for extra credit.'","From premise 6, we know that if a student does not complete assignments, they will not pass the exam. From premise 8, we know that if a student has completed assignments, they will be eligible for extra credit. Therefore, if a student does not complete assignments and does not follow the study plan, they will not pass the exam (from premise 6) and not be eligible for extra credit (from premise 8), making the statement true."
110,1,được sửa đổi,No,Yes,explanation supports Yes,"Based on the above premises, is the following statement true?
Statement: If a student is not motivated, then they do not participate in discussions.","The statement 'If a student is not motivated, then they do not participate in discussions' is directly given by Premise 2 and is reinforced by the converse in Premise 6, establishing a biconditional relation. Thus, the statement is true."
111,1,được sửa đổi,No,Yes,explanation supports Yes,"Based on the premises, is the following statement true?
Statement: ∃x U(x)","The statement ∃x U(x) is true because Premise 3 asserts that all individuals are university members, and by standard logical inference, a universal statement implies the existence of at least one element satisfying the predicate. This is reinforced by Premise 7."
113,1,được sửa đổi,No,Yes,explanation supports Yes,"Based on the above premises, is the following statement true?
Statement: If a student does not do their homework, then they will not attend class.","The statement 'If a student does not do their homework, then they will not attend class' is given by Premise 3. By also considering Premise 1 (that all students attend class), the implication is supported through a two‑step chain, confirming that the statement is true."
114,1,được sửa đổi,No,Yes,explanation supports Yes,"Based on the above premises, is the following statement true?
Statement: There exists at least one student who does research.","The statement 'There exists at least one student who does research' is confirmed by combining Premise 2 with Premise 7. Since all students conduct research (Premise 7), it follows that at least one student does research, making the statement true."
116,0,được sửa đổi,No,Yes,explanation supports Yes,Do all students understand the material?,"Premise 7 states all students review, premise 6 implies that if a student reviews, they study (via contrapositive: if they study, they review, but all review implies all study), and premise 1 says if a student studies, they understand the material. Thus, all students understand the material."
118,0,được sửa đổi,Unknown,B,explanation supports B,"Based on the premises above, which statement can be inferred?
A. 'If the statement “If studying leads to understanding, then all students must complete their assignments” holds, but at the same time does not hold, it creates a contradiction.'
B. 'If studying leads to understanding, then at least one student will join a study group.'
C. 'It is not true that if studying leads to understanding, then at least one student will join a study group.'
D. 'If the previous statement is true, then it must be true in all cases where the same reasoning applies.'","Premise 1 states that studying leads to understanding, premise 3 says all students complete their assignments, and premise 5 implies that if studying leads to understanding and all complete assignments, then at least one student joins a study group. Since premise 4 is true (premise 3 makes its consequent true), premise 5 ensures that if studying leads to understanding, at least one student joins a study group, making option B inferable."
119,0,được sửa đổi,No,Yes,explanation supports Yes,Are all students ready?,"Premise 2 states every student is studying, and premise 5 says if a student is ready, they must study. Since all students study, they satisfy the condition for being ready, and no premise contradicts this, implying all are ready."
120,0,được sửa đổi,No,Yes,explanation supports Yes,Does at least one student submit a thesis?,"Premise 1 states that at least one student has completed a research project, and premise 3 says that if a student has completed a research project, they have submitted a thesis. Thus, at least one student has submitted a thesis."
121,0,được sửa đổi,No,Yes,explanation supports Yes,Do all students receive a scholarship?,"Premise 2 states that every student has completed the qualifying exam, and premise 7 says that if a student has completed the exam, they have received a scholarship. Applying modus ponens, since all have completed the exam, all have received a scholarship."
123,0,được sửa đổi,No,Yes,explanation supports Yes,Are all students eligible for a scholarship?,"Premise 5 states that every student has participated in extracurricular activities, and premise 6 says that if a student has participated in extracurricular activities, they are eligible for the scholarship. Applying modus ponens, since all participate, all are eligible for the scholarship."
124,0,được sửa đổi,No,Yes,explanation supports Yes,Have all employees signed the safety compliance form?,"Premise 19 states that all employees are allowed to operate heavy machinery, and premise 2 says that being allowed to operate machinery implies signing the safety compliance form. Thus, all employees have signed the safety compliance form."
124,1,được sửa đổi,No,Yes,explanation supports Yes,Have all employees taken the advanced training course?,"Premise 19 states that all employees are allowed to operate heavy machinery, and premise 6 says that being allowed to operate machinery implies taking the advanced training course. Thus, all employees have taken the advanced training course."
125,0,được sửa đổi,Unknown,A,explanation supports A,"Based on the above premises, which statement can be inferred?
A. All AI models have sufficient data.
B. All AI models are untrained.
C. If an AI model is trained, then it does not have sufficient data.
D. No AI models use deep learning.","Premise 3 says all AI models use deep learning. Premise 13 says that if an AI model uses deep learning, then it has sufficient data. Therefore, all AI models have sufficient data."
125,1,được sửa đổi,No,Yes,explanation supports Yes,"Based on the above premises, is the following statement true?
Statement: If an AI model performs classification, then it requires training data.","Premise 17 directly states that if an AI model performs classification, then it requires training data. Since all models perform classification (Premise 14), the statement holds."
126,0,được sửa đổi,Unknown,A,explanation supports A,"Based on the above premises, which statement can be inferred?
A. If a programmer understands loops, then they understand object-oriented programming.
B. If a programmer does not understand recursion, then they do not understand loops.
C. If a programmer does not study regularly, they will not improve debugging skills.
D. If a programmer does not use functions, then they do not understand modular programming.","Premise 9 states that if a programmer understands loops, then they understand C++. Premise 16 says that if they understand C++, then they understand object-oriented programming. Chaining both gives: if a programmer understands loops, then they understand object-oriented programming."
126,1,được sửa đổi,No,Yes,explanation supports Yes,"Based on the above premises, is the following statement true?
Statement: There exists at least one programmer who understands object-oriented programming.","Premise 14 confirms at least one programmer understands loops. From premise 9, that implies they understand C++, and from premise 16, that implies they understand object-oriented programming. So such a programmer exists."
127,0,được sửa đổi,Unknown,A,explanation supports A,"Based on the above premises, which conclusion is correct?
A. If a student scores above 90%, then they are honored.
B. If a student is honored, then they scored above 90%.
C. If a student is not honored, then they did not receive a certificate of excellence.
D. If a student receives a certificate of excellence, then they have a distinction.","Premise 9 says students scoring above 90% receive a certificate of excellence. Premise 14 says students with a certificate are honored. So, scoring above 90% leads to being honored."
127,1,được sửa đổi,No,Yes,explanation supports Yes,"According to the above premises, is the following statement true?
Statement: If a student scores exactly 100%, then they have a high academic standing.","Premise 6 states that scoring 100% implies receiving a distinction. Premise 13 states that receiving a distinction implies high academic standing. Chaining both, scoring 100% implies high academic standing."
128,0,được sửa đổi,Unknown,A,explanation supports A,"Based on the above premises, which conclusion is correct?
A. If a student completes a final project, then they receive a diploma.
B. If a student completes an internship, then they receive a certificate of excellence.
C. If a student receives a diploma, then they have completed a final project.
D. If a student is eligible for graduation, then they have graduated with distinction.","Premise 12 says that completing a final project implies meeting academic requirements. Premise 13 says that meeting academic requirements implies receiving a diploma. So, completing a final project leads to receiving a diploma."
128,1,được sửa đổi,No,Yes,explanation supports Yes,"According to the above premises, is the following statement true?
Statement: If all students must meet the academic requirements, then all students must complete a final project.","Premise 14 states all students must meet academic requirements. Premise 18 says that if a student does not complete a final project, they do not meet academic requirements. By contraposition, meeting academic requirements requires a final project. Thus, all students must complete a final project."
129,0,được sửa đổi,Unknown,A,explanation supports A,"Based on the above premises, which conclusion can be inferred?
A. All Python code is optimized.
B. All optimized code is not well-tested.
C. If a Python code is optimized, then it is not well-tested.
D. No Python code follows PEP 8 standards.","Premise 5 says all Python code is well-tested. Premise 12 says well-tested code is optimized. So, all Python code is optimized."
129,1,được sửa đổi,No,Yes,explanation supports Yes,"Based on the above premises, is the statement true?
Statement: If a Python code is optimized, then it is well-tested.","From premise 0, if a code is not well-tested, it is not optimized. The contrapositive is: if it is optimized, then it must be well-tested."
130,0,được sửa đổi,Unknown,A,explanation supports A,"Based on the above premises, which statement can be inferred?
A. All stoichiometrically correct reactions are balanced.
B. If a reaction is balanced, then it is not stoichiometrically correct.
C. A reaction is stoichiometrically correct if and only if it is unbalanced.
D. No reaction can follow the law of conservation of mass.","Premise 12 explicitly states that if a reaction is stoichiometrically correct, then it is balanced."
130,1,được sửa đổi,No,Yes,explanation supports Yes,"Based on the above premises, is the following statement true?
Statement: If a chemical reaction occurs, then it is balanced.","From premise 2, we know every chemical reaction involves energy change. Premise 10 states that energy change implies a reaction is balanced. Therefore, all chemical reactions are balanced."
131,0,được sửa đổi,Unknown,A,explanation supports A,"Based on the above premises, which statement can be inferred?
A. A person gains knowledge if and only if they understand the content.
B. A person gains knowledge if and only if they have read a book.
C. A person who gains knowledge does not necessarily understand the content.
D. A person understands content if and only if they gain wisdom.","Premise 2 says that not understanding content implies not gaining knowledge, and premise 6 says not gaining knowledge implies not understanding content. So understanding and knowledge are logically equivalent."
131,1,được sửa đổi,No,Yes,explanation supports Yes,"Based on the above premises, is the following statement true?
Statement: If a person gains both knowledge and wisdom, they have mastered the content.","Premise 9 explicitly states that gaining both knowledge and wisdom implies mastering the content. Therefore, the statement is true."
132,0,được sửa đổi,A,Yes,explanation supports Yes,Can the variable 'Math' be accessed in the class 'Science_subject'?,"The variable 'Math' can be accessed in 'Science_subject' because it has an access specifier that allows access in inherited classes (premise 8), and 'Science_subject' inherits from 'Subject' (premise 7). Premises 1 and 3 indicate there are three specifiers, and the one allowing inherited access but not outside access is 'Protected', distinct from 'Public' (premise 2) and 'Private' (premise 4)."
134,0,được sửa đổi,Unknown,B,explanation supports B,"Based on the premises, which of the following can be inferred?
A) Bob will graduate the school because he studies hard.
B) Bob will be happy because he studies hard and graduates the school.
C) Bob will pass the test because he studies hard and is never lazy.
D) Bob will never graduate the school because he is never lazy.","From premise 4, we know that Bob never lazy, which implies Bob studies hard. From premise 1, if Bob studies hard, he can pass the test. From premise 2, if Bob passes the test, he graduates the school. From premise 3, if Bob graduates the school, he is happy. Therefore, Bob will be happy because he studies hard (from premises 4 and 1) and graduates the school (from premises 2 and 3), making option B correct."
134,1,được sửa đổi,No,Yes,explanation supports Yes,"Based on the premises, is the following statement true?
Statement: Bob will be happy because he studies hard and graduates the school.","From premise 4, we know that Bob never lazy, which implies Bob studies hard. From premise 1, if Bob studies hard, he can pass the test. From premise 2, if Bob passes the test, he graduates the school. From premise 3, if Bob graduates the school, he is happy. Therefore, Bob will be happy because he studies hard (from premises 4 and 1) and graduates the school (from premises 2 and 3), making the statement true."
135,0,được sửa đổi,Unknown,D,explanation supports D,"Based on the premises, which of the following can be inferred?
A) Jake passed Calculus 1 because he is a freshman.
B) Jake cannot attend Calculus 2 because he did not pass Calculus 1.
C) Jake is a freshman student and has passed Calculus 1 and Calculus 2.
D) Jake has attended Calculus 2, implying he passed Calculus 1 and scored at least 4 points on it.","From premise 3, we know that Jake has learned Calculus 2, which means he took Calculus 2. From premise 2, we know that to take Calculus 2, a student must have scored at least 4 points on Calculus 1. Therefore, Jake has attended Calculus 2, implying he passed Calculus 1 and scored at least 4 points on it (from premises 2 and 3), making option D correct."
135,1,được sửa đổi,No,Yes,explanation supports Yes,"Based on the premises, is the following statement true?
Statement: Jake passed Calculus 1 and scored at least 4 points on it because he attended Calculus 2.","From premise 3, we know that Jake has learned Calculus 2, which means he took Calculus 2. From premise 2, we know that to take Calculus 2, a student must have scored at least 4 points on Calculus 1. Therefore, Jake passed Calculus 1 and scored at least 4 points on it because he attended Calculus 2 (from premises 2 and 3), making the statement true."
136,0,được sửa đổi,Unknown,C,explanation supports C,"Based on the premises, which of the following can be inferred?
A) John has enough social work days to graduate.
B) John cannot graduate because he didn't gain enough social work days and has spent 6 years at BK university.
C) John will have to study more if he does not graduate within 6 years and is out of school.
D) John can graduate as long as he has 15 social work days and has not spent 6 years at BK university.","From premise 5, we know that John is a BK student. From premise 3, if John does not graduate within 6 years, he will be out of school. From premise 4, if John is out of school, he has to study more. Therefore, John will have to study more if he does not graduate within 6 years and is out of school (from premises 3, 4, and 5), making option C correct."
136,1,được sửa đổi,No,Yes,explanation supports Yes,"Based on the premises, is the following statement true?
Statement: John has to study more if he does not graduate within 6 years and is out of school.","From premise 5, we know that John is a BK student. From premise 3, if John does not graduate within 6 years, he will be out of school. From premise 4, if John is out of school, he has to study more. Therefore, John has to study more if he does not graduate within 6 years and is out of school (from premises 3, 4, and 5), making the statement true."
137,0,được sửa đổi,Unknown,B,explanation supports B,"Based on the premises, which of the following can be inferred?
A) Mary failed the subject because her average score was less than 8.
B) Mary received an A grade due to her scores on the midterm, project, and final exams.
C) The average score of Mary is less than 8 because she scored 7 on the midterm.
D) The scores of Mary don't add up to more than 8 because her midterm score was low.","From premise 4, we know that Mary got 7 on the midterm exam, 10 on the project, and 9 on the final exam. From premise 2, if the average of these scores is higher than 8, Mary can get an A grade. From premise 3, Mary got an A grade. Therefore, Mary received an A grade due to her scores on the midterm, project, and final exams (from premises 2, 3, and 4), making option B correct."
137,1,được sửa đổi,No,Yes,explanation supports Yes,"Based on the premises, is the following statement true?
Statement: Mary got an A grade because her average score from the midterm, project, and final exams was higher than 8.","From premise 4, we know that Mary got 7 on the midterm exam, 10 on the project, and 9 on the final exam. From premise 2, if the average of these scores is higher than 8, Mary can get an A grade. From premise 3, Mary got an A grade. Therefore, Mary got an A grade because her average score from the midterm, project, and final exams was higher than 8 (from premises 2 and 4), making the statement true."
138,0,được sửa đổi,D,B,explanation supports B,"Based on the premises, which of the following can be inferred?
A) Peter Griffin can register for PE2 because he passed PE1.
B) Peter Griffin cannot graduate until he registers for PE2 and passes it.
C) Peter Griffin has already graduated because he passed PE1.
D) Peter Griffin must take PE1 again because he is a freshman.","From premise 5, we know that Peter Griffin is a freshman. From premise 1, this means he needs to register for both PE1 and PE2. From premise 6, we know that Peter Griffin passed PE1. From premise 4, to meet the condition for graduating, Peter Griffin needs to pass both PE1 and PE2. Therefore, Peter Griffin cannot graduate until he registers for PE2 and passes it (from premises 1, 4, 5, and 6), making option B correct."
138,1,được sửa đổi,No,Yes,explanation supports Yes,"Based on the premises, is the following statement true?
Statement: Peter Griffin can graduate after registering for PE2 and passing both PE1 and PE2.","From premise 5, we know that Peter Griffin is a freshman. From premise 1, this means he needs to register for both PE1 and PE2. From premise 6, we know that Peter Griffin passed PE1. From premise 4, to meet the condition for graduating, Peter Griffin needs to pass both PE1 and PE2. Therefore, Peter Griffin can graduate after registering for PE2 and passing both PE1 and PE2 (from premises 1, 4, and 6), making the statement true."
139,0,được sửa đổi,Unknown,A,explanation supports A,"Based on the premises, which of the following can be inferred?
A) Tu has gained experience and improved their skills.
B) Tu is not confident yet because they have not improved their skills.
C) Tu has attended fewer than 2 events, so they have not gained experience.
D) Tu has improved their skills but has not gained experience.","From premise 5, we know that Tu attended 5 events. From premise 4, attending at least 2 events leads to gaining experience. From premise 2, gaining experience leads to improving skills. Therefore, Tu has gained experience and improved their skills (from premises 2, 4, and 5), making option A correct."
139,1,được sửa đổi,No,Yes,explanation supports Yes,"Based on the premises, is the following statement true?
Statement: Tu is confident because they have gained experience and improved their skills.","From premise 5, we know that Tu attended 5 events. From premise 4, attending at least 2 events leads to gaining experience. From premise 2, gaining experience leads to improving skills. From premise 3, improving skills leads to becoming confident. Therefore, Tu is confident because they have gained experience and improved their skills (from premises 2, 3, 4, and 5), making the statement true."
140,0,được sửa đổi,Unknown,A,explanation supports A,"Based on the premises, which of the following can be inferred?
A) Tuan can stay in the BK dormitory because he is in the first semester and has a studying schedule.
B) Tuan failed a subject, so he cannot stay in the BK dormitory.
C) Tuan is not allowed to register in the dormitory because he has not registered subjects.
D) Tuan has registered subjects for the semester, so he can stay in the BK dormitory.","From premise 4, we know that Tuan is in the first semester. From premise 2, being in the first semester means Tuan has a studying schedule. From premise 1, having a studying schedule allows Tuan to register in the BK dormitory. Therefore, Tuan can stay in the BK dormitory because he is in the first semester and has a studying schedule (from premises 1, 2, and 4), making option A correct."
140,1,được sửa đổi,No,Yes,explanation supports Yes,"Based on the premises, is the following statement true?
Statement: Tuan can register for the BK dormitory because he is in the first semester and has a studying schedule.","From premise 4, we know that Tuan is in the first semester. From premise 2, being in the first semester means Tuan has a studying schedule. From premise 1, having a studying schedule allows Tuan to register in the BK dormitory. Therefore, Tuan can register for the BK dormitory because he is in the first semester and has a studying schedule (from premises 1, 2, and 4), making the statement true."
141,0,được sửa đổi,D,B,explanation supports B,"Based on the premises, which of the following can be inferred?
A) Kahne will not receive guidance because they are not a BK student.
B) Kahne can write a science article if they receive guidance and broaden their knowledge through training.
C) Kahne will not get plus points in their graduation thesis because they have not published an article.
D) Kahne needs to complete more training before they can write the article, even though they are a lab member.","From premise 6, we know that Kahne is a member of the lab. From premise 2, being a lab member means Kahne can get training. From premise 3, training helps Kahne to broaden their knowledge. From premise 1, if Kahne is a BK student and a lab member, they can receive guidance. From premise 4, with guidance and knowledge, Kahne can do a science article. Therefore, Kahne can write a science article if they receive guidance and broaden their knowledge through training (from premises 1, 2, 3, 4, and 6), making option B correct."
141,1,được sửa đổi,No,Yes,explanation supports Yes,"Based on the premises, is the following statement true?
Statement: Kahne will receive plus points for their graduation thesis if they write a science article and it is successfully published.","From premise 6, we know that Kahne is a member of the lab. From premise 4, with guidance and knowledge, Kahne can do a science article. From premise 5, if the science article is successfully published, Kahne will get plus points in their graduation thesis. Therefore, Kahne will receive plus points for their graduation thesis if they write a science article and it is successfully published (from premises 4, 5, and 6), making the statement true."
142,0,được sửa đổi,Unknown,A,explanation supports A,"Based on the premises, which of the following can be inferred?
A) Coke can get an internship or go to work because they are a fourth-year student.
B) Coke is guaranteed to get a job because they are a fourth-year student.
C) Coke has a good CV because they are a fourth-year student.
D) Coke doesn't need a CV to get a job because they are a fourth-year student.","From premise 4, we know that Coke is a fourth-year student. From premise 1, fourth-year students (n ≥ 3) can get an internship or go to work. Therefore, Coke can get an internship or go to work because they are a fourth-year student (from premises 1 and 4), making option A correct."
142,1,được sửa đổi,No,Yes,explanation supports Yes,"Based on the premises, is the following statement true?
Statement: Coke will have a good CV and easily get a job if they choose to intern because they are a fourth-year student.","From premise 4, we know that Coke is a fourth-year student. From premise 1, fourth-year students can get an internship or go to work. From premise 2, if Coke gets an internship, they will get a good CV. From premise 3, a good CV means Coke will easily get a job. Therefore, Coke will have a good CV and easily get a job if they choose to intern because they are a fourth-year student (from premises 1, 2, 3, and 4), making the statement true."
143,0,được sửa đổi,Unknown,A,explanation supports A,"Based on the premises, which of the following can be inferred?
A) The Titan computer is likely to have a strong cooling unit because it runs complex software and supports multitasking efficiently.
B) The Titan computer does not support multitasking efficiently because it lacks enough RAM.
C) The Titan computer does not require a cooling unit because it runs complex software.
D) The Titan computer has enough RAM because it supports multitasking efficiently.","From premise 5, we know that the Titan computer runs complex software. From premise 6, we know that the Titan computer supports multitasking efficiently. From premise 3, a system that runs complex software and supports multitasking efficiently requires a strong cooling unit. Therefore, the Titan computer is likely to have a strong cooling unit because it runs complex software and supports multitasking efficiently (from premises 3, 5, and 6), making option A correct."
143,1,được sửa đổi,No,Yes,explanation supports Yes,"Based on the premises, is the following statement true?
Statement: The Titan computer remains stable during heavy use because it runs complex software and supports multitasking efficiently.","From premise 5, we know that the Titan computer runs complex software. From premise 6, we know that the Titan computer supports multitasking efficiently. From premise 3, a system that runs complex software and supports multitasking efficiently requires a strong cooling unit. From premise 4, only systems with a strong cooling unit remain stable during heavy use. Therefore, the Titan computer remains stable during heavy use because it runs complex software and supports multitasking efficiently (from premises 3, 4, 5, and 6), making the statement true."
144,0,được sửa đổi,Unknown,B,explanation supports B,"Based on the premises, which of the following can be inferred?
A) The AlphaNet model does not require hyperparameter tuning because it achieves high accuracy.
B) The AlphaNet model has been extensively tuned because it achieves high accuracy and processes data quickly.
C) The AlphaNet model uses a weak GPU because it processes data quickly.
D) The AlphaNet model achieves high accuracy because it uses a powerful GPU and processes data quickly.","From premise 5, we know that the AlphaNet model achieves high accuracy. From premise 6, we know that the AlphaNet model processes data quickly. From premise 3, a model that achieves high accuracy and processes data quickly requires extensive hyperparameter tuning. Therefore, the AlphaNet model has been extensively tuned because it achieves high accuracy and processes data quickly (from premises 3, 5, and 6), making option B correct."
144,1,được sửa đổi,No,Yes,explanation supports Yes,"Based on the premises, is the following statement true?
Statement: The AlphaNet model performs consistently on new data because it achieves high accuracy and processes data quickly.","From premise 5, we know that the AlphaNet model achieves high accuracy. From premise 6, we know that the AlphaNet model processes data quickly. From premise 3, a model that achieves high accuracy and processes data quickly requires extensive hyperparameter tuning. From premise 4, only models with extensive hyperparameter tuning perform consistently on new data. Therefore, the AlphaNet model performs consistently on new data because it achieves high accuracy and processes data quickly (from premises 3, 4, 5, and 6), making the statement true."
145,0,được sửa đổi,Unknown,B,explanation supports B,"Based on the premises, which of the following can be inferred?
A) A variable declared with 'let' is immutable and block-scoped.
B) A function can be declared with either the 'function' keyword or arrow syntax, making it callable.
C) If a promise is rejected, the 'then' block will be executed before the 'catch' block.
D) The DOM in JavaScript is used for network requests and manipulation of HTML elements.","From premise 4, we know that a function can be declared using the 'function' keyword or arrow syntax. This directly implies that such functions are callable, making option B correct."
145,1,được sửa đổi,No,Yes,explanation supports Yes,"Based on the premises, is the following statement true?
Statement: JavaScript supports event handling to respond to user actions and manipulate HTML elements on the page.","From premise 10, we know that JavaScript supports event handling to respond to user interactions. From premise 9, we know that the DOM in JavaScript allows manipulation of HTML elements on the page. Therefore, JavaScript supports event handling to respond to user actions and manipulate HTML elements on the page (from premises 9 and 10), making the statement true."
146,0,được sửa đổi,Unknown,B,explanation supports B,"Based on the premises, which of the following can be inferred?
A) C++ does not support exception handling because it does not use 'try', 'catch', and 'throw' keywords.
B) C++ uses pointers to reference memory locations and can dynamically allocate memory.
C) C++ functions cannot return values because they are not declared with a return type.
D) The STL in C++ does not contain vectors or maps because it does not support templates.","From premise 6, we know that C++ uses pointers to reference memory locations and can dynamically allocate memory. Therefore, option B is correct."
146,1,được sửa đổi,No,Yes,explanation supports Yes,"Based on the premises, is the following statement true?
Statement: In C++, 'new' is used to dynamically allocate memory and 'delete' is used to deallocate it, allowing for memory management through pointers.","From premise 6, we know that C++ uses pointers to reference memory locations and can dynamically allocate memory. From premise 7, we know that the 'new' keyword is used to dynamically allocate memory. From premise 8, we know that the 'delete' keyword is used to deallocate memory. Therefore, in C++, 'new' is used to dynamically allocate memory and 'delete' is used to deallocate it, allowing for memory management through pointers (from premises 6, 7, and 8), making the statement true."
147,0,được sửa đổi,No,Yes,explanation supports Yes,Are all students eligible for a raise?,"Premise 19 states that everyone is eligible for a senior job, and premise 8 says that if someone is eligible for a senior job, they are eligible for a raise. Thus, all are eligible for a raise."
147,1,được sửa đổi,No,Yes,explanation supports Yes,Are all students eligible for a senior job?,"Premise 19 directly states that everyone is eligible for a senior job, so it’s true that all are eligible."
148,0,được sửa đổi,No,Yes,explanation supports Yes,Do all students complete their assignments?,"Premise 11 states that everyone is registered, premise 4 says all students have library access, and premise 9 says that having library access implies completing assignments. Thus, all students complete their assignments."
148,1,được sửa đổi,No,Yes,explanation supports Yes,Are all students registered?,"Premise 11 directly states that everyone is registered, so all students are registered."
149,0,được sửa đổi,No,Yes,explanation supports Yes,Do all students attend the tutorial?,"Premise 5 states that all students have completed the qualifying test, and premise 6 says that completing the qualifying test implies attending the tutorial. Thus, all students attend the tutorial."
150,0,được sửa đổi,No,Yes,explanation supports Yes,Do all employees work in the security department?,"Premise 9 states that everyone has been assigned a security token, and premise 19 says that being assigned a token implies working in the security department. Thus, all employees work in the security department."
152,0,được sửa đổi,No,Yes,explanation supports Yes,Do all students take the test?,"Premise 7 states that every student attends the review session, and premise 10 says that attending the review session implies taking the test. Thus, all students take the test."
152,1,được sửa đổi,No,Yes,explanation supports Yes,Do all students complete the quiz?,"Premise 5 states that all students pass the university course, and premise 20 says that passing the university course implies completing the quiz. Thus, all students complete the quiz."
154,0,được sửa đổi,No,Yes,explanation supports Yes,Do all students graduate?,"Premise 5 states that all students have passed the prerequisite, and premise 10 says that passing the prerequisite implies being allowed to graduate. Thus, all students graduate."
154,1,được sửa đổi,No,Yes,explanation supports Yes,Are all students recommended?,"Premise 3 states that all students are eligible, premise 1 says that eligibility implies taking the test, and premise 20 implies that taking the test means being recommended (via contrapositive: if not recommended, then not tested). Thus, all students are recommended."
155,0,được sửa đổi,No,Yes,explanation supports Yes,Do all committee members approve the methodology?,"Premise 1 states that every committee member agrees the thesis is acceptable, and premise 4 says that agreeing implies approving the methodology. Thus, all committee members approve the methodology."
155,1,được sửa đổi,No,Yes,explanation supports Yes,Do all faculty members think the topic is weak?,"Premise 11 states that every faculty member believes the thesis should be revised, and premise 7 says that believing it should be revised implies thinking the topic is weak. Thus, all faculty members think the topic is weak."
156,0,được sửa đổi,No,Yes,explanation supports Yes,Are all library users allowed to take books home?,"Premise 4 states that everyone is allowed to borrow books, and premise 3 says that being allowed to borrow books implies being allowed to take books home. Thus, all library users are allowed to take books home."
156,1,được sửa đổi,No,Yes,explanation supports Yes,Do all library users have valid reservations?,"Premise 4 states that everyone is allowed to borrow books, and premise 11 says that being allowed to borrow books implies having a valid reservation. Thus, all library users have valid reservations."
157,0,được sửa đổi,No,Yes,explanation supports Yes,Do all students understand the reading material?,"Premise 3 states that all students attend the IELTS preparation class, and premise 5 says that attending the class implies understanding the reading material. Thus, all students understand the reading material."
157,1,được sửa đổi,No,Yes,explanation supports Yes,Do all students study using the official guide?,"Premise 20 states that all students passed the TOEFL exam, premise 12 implies that passing the TOEFL exam means understanding the reading material (via contrapositive), and premise 18 says that understanding the reading material implies studying using the official guide. Thus, all students study using the official guide."
158,0,được sửa đổi,No,Yes,explanation supports Yes,Are all students eligible for a scholarship?,"Premise 3 states that every student has submitted their coursework, and premise 5 says that submitting coursework implies being eligible for a scholarship. Thus, all students are eligible for a scholarship."
158,1,được sửa đổi,No,Yes,explanation supports Yes,Have all students received a university offer?,"Premise 3 states that every student has submitted their coursework, and premise 8 implies that submitting coursework means having received a university offer (via contrapositive: if no offer, then no coursework submitted). Thus, all students have received a university offer."
160,0,được sửa đổi,No,Yes,explanation supports Yes,Do all students understand the material?,"Premise 19 states that every student joins a study group, and premise 8 says that joining a study group implies understanding the material. Thus, all students understand the material."
160,1,được sửa đổi,No,Yes,explanation supports Yes,Do all students review regularly?,"Premise 19 states that every student joins a study group, and premise 17 says that joining a study group implies reviewing regularly. Thus, all students review regularly."
161,0,được sửa đổi,No,Yes,explanation supports Yes,Do all students understand the material?,"Premise 19 states that every student joins a study group, and premise 8 says that joining a study group implies understanding the material. Thus, all students understand the material."
161,1,được sửa đổi,No,Yes,explanation supports Yes,Do all students review regularly?,"Premise 19 states that every student joins a study group, and premise 17 says that joining a study group implies reviewing regularly. Thus, all students review regularly."
162,1,được sửa đổi,No,Yes,explanation supports Yes,Are all people recommended?,"Premise 5 states that everyone is enrolled, premise 9 says that enrollment implies being qualified, and premise 2 says that being qualified implies being recommended. Thus, all people are recommended."
163,1,được sửa đổi,No,Yes,explanation supports Yes,Are all employees eligible for a leadership role?,"Premise 9 states that all employees have completed the teamwork module, and premise 2 implies that completing the teamwork module means being eligible for a leadership role (via contrapositive). Thus, all employees are eligible for a leadership role."
164,0,được sửa đổi,No,Yes,explanation supports Yes,Do all people understand technology?,"Premise 12 states that everyone knows how to program, and premise 13 says that knowing how to program implies understanding technology. Thus, all people understand technology."
164,1,được sửa đổi,No,Yes,explanation supports Yes,Do all people solve real-world problems?,"Premise 12 states that everyone knows how to program, and premise 3 says that knowing how to program implies solving real-world problems. Thus, all people solve real-world problems."
165,1,được sửa đổi,No,Yes,explanation supports Yes,Are all employees assigned to a department?,"Premise 2 states that everyone attends the monthly meeting, and premise 20 implies that attending the meeting means being assigned to a department (via contrapositive). Thus, all employees are assigned to a department."
166,0,được sửa đổi,No,Yes,explanation supports Yes,Can all employees operate machinery?,"Premise 8 states that everyone in the company has completed compliance training, and premise 3 implies that completing compliance training allows operating machinery (via contrapositive). Thus, all employees can operate machinery."
167,1,được sửa đổi,No,Yes,explanation supports Yes,"Based on the above premises, is the statement true?
Statement: There exists at least one person who has submitted a scholarship application and meets the scholarship eligibility criteria.","From premise 1, we know there exists at least one person who has submitted a scholarship application. From premise 2, if a person has submitted a scholarship application, then they meet the scholarship eligibility criteria. Therefore, there exists at least one person who has submitted a scholarship application and meets the scholarship eligibility criteria (from premises 1 and 2), making the statement true."
168,1,được sửa đổi,No,Yes,explanation supports Yes,"Based on the above premises, is the following statement true?
Statement: If a person received a warning for previous absences, then they acknowledged the new attendance policy, and if they acknowledged the new attendance policy, then not complying with the new rule implies they are not allowed to attend class.","From premise 3, we know that if a person received a warning for previous absences, then they acknowledged the new attendance policy. From premise 5, if (a person received a warning for previous absences implies they acknowledged the new attendance policy), then (a person not complying with the new rule implies they are not allowed to attend class). Therefore, if a person received a warning for previous absences, then they acknowledged the new attendance policy, and if they acknowledged the new attendance policy, then not complying with the new rule implies they are not allowed to attend class (from premises 3 and 5), making the statement true."
169,1,được sửa đổi,No,Yes,explanation supports Yes,"Based on the above premises, is the following statement true?
Statement: If a person did not submit the seminar participation form, then they did not register to attend the seminar, and if they registered, they are allowed to attend the seminar.","From premise 3, we know that if a person did not submit the seminar participation form, then they did not register to attend the seminar. From premise 4, if (a person did not submit the form implies they did not register), then (a person registered implies they are allowed to attend). Therefore, if a person did not submit the seminar participation form, then they did not register to attend the seminar, and if they registered, they are allowed to attend the seminar (from premises 3 and 4), making the statement true."
171,1,được sửa đổi,No,Yes,explanation supports Yes,"Based on the above premises, is the following statement true?
Statement: If a person applied for the exchange opportunity, then they are eligible for the exchange program, and if they are not eligible, they were not selected for the exchange program.","From premise 2, we know that if a person applied for the exchange opportunity, then they are eligible for the exchange program. From premise 4, if (a person applying implies they are eligible), then (a person not eligible implies they were not selected). From premise 5, if ((a person applying implies eligibility) implies (not eligible implies not selected)), then (a person applying implies eligibility). Therefore, if a person applied for the exchange opportunity, then they are eligible for the exchange program, and if they are not eligible, they were not selected for the exchange program (from premises 2, 3, and 4), making the statement true."
172,1,được sửa đổi,No,Yes,explanation supports Yes,"Based on the above premises, is the following statement true?
Statement: If a person did not participate in organizing the cultural festival, then they did not present any performance or exhibit, and if someone attended the festival, then someone learned about different cultures.","From premise 1, we know that if a person did not participate in organizing the cultural festival, then they did not present any performance or exhibit. From premise 3, there exists someone who attended the cultural festival. From premise 4, if someone attended the cultural festival, then someone learned about different cultures. From premise 5, if (a person not participating in organizing implies they did not present), then there exists someone who learned about different cultures. Therefore, if a person did not participate in organizing the cultural festival, then they did not present any performance or exhibit, and if someone attended the festival, then someone learned about different cultures (from premises 1, 3, and 4), making the statement true."
173,1,được sửa đổi,No,Yes,explanation supports Yes,"Based on the above premises, is the following statement true?
Statement: If a person did not follow the school’s physical activity schedule, then they did not avoid penalty points, and everyone received bonus points.","From premise 2, we know that if a person did not follow the school’s physical activity schedule, then they did not avoid penalty points. From premise 3, everyone received bonus points. From premise 5, if (a person not following the activity schedule implies they did not avoid penalties), then everyone received bonus points. Therefore, if a person did not follow the school’s physical activity schedule, then they did not avoid penalty points, and everyone received bonus points (from premises 2, 3, and 5), making the statement true."
174,1,được sửa đổi,No,Yes,explanation supports Yes,"Based on the above premises, is the following statement true?
Statement: If all students are active in school activities, then participating in the workshop implies teamwork improvement, and if a person participated in the workshop, they improved their teamwork ability.","From premise 1, we know that all students are active in school activities. From premise 5, if all students are active in school activities, then participating in the workshop implies teamwork improvement. From premise 2, if a person participated in the workshop, they improved their teamwork ability. Therefore, if all students are active in school activities, then participating in the workshop implies teamwork improvement, and if a person participated in the workshop, they improved their teamwork ability (from premises 1, 2, and 5), making the statement true."
176,1,được sửa đổi,No,Yes,explanation supports Yes,"Based on the above premises, is the following statement true?
Statement: If there exists someone who attended the midterm exam, then all students attend the course, and there exists someone who attended the final exam.","From premise 2, we know there exists someone who attended the midterm exam. From premise 5, if there exists someone who attended the midterm exam, then all students attend the course. From premise 7, there exists someone who attended the final exam. Therefore, if there exists someone who attended the midterm exam, then all students attend the course, and there exists someone who attended the final exam (from premises 2, 5, and 7), making the statement true."
177,1,được sửa đổi,No,Yes,explanation supports Yes,"Based on the above premises, is the following statement true?
Statement: If there exists someone who lends money to a friend, then a person having the maturity to lend money implies they lend money to a friend, and if a person lends money to a friend, they have learned from the experience.","From premise 1, we know there exists someone who lends money to a friend. From premise 4, if there exists someone who lends money to a friend, then a person having the maturity to lend money implies they lend money to a friend. From premise 7, if a person lends money to a friend, then they have learned from the experience. Therefore, if there exists someone who lends money to a friend, then a person having the maturity to lend money implies they lend money to a friend, and if a person lends money to a friend, they have learned from the experience (from premises 1, 4, and 7), making the statement true."
178,1,được sửa đổi,No,Yes,explanation supports Yes,"Based on the above premises, is the following statement true?
Statement: If there exists someone who uses university facilities responsibly, then a person having the maturity to use facilities responsibly implies they use them responsibly, and if a person uses university facilities responsibly, they respect the university’s policies.","From premise 1, we know there exists someone who uses university facilities responsibly. From premise 4, if there exists someone who uses university facilities responsibly, then a person having the maturity to use facilities responsibly implies they use them responsibly. From premise 7, if a person uses university facilities responsibly, then they respect the university’s policies. Therefore, if there exists someone who uses university facilities responsibly, then a person having the maturity to use facilities responsibly implies they use them responsibly, and if a person uses university facilities responsibly, they respect the university’s policies (from premises 1, 4, and 7), making the statement true."
180,1,được sửa đổi,No,Yes,explanation supports Yes,"Based on the above premises, is the following statement true?
Statement: If a person has permission to borrow books from the library, then they are a student allowed to borrow books, and if there exists a student who is allowed to borrow books, then there exists someone who has not borrowed more than 5 books at once.","From premise 1, we know there exists a student who is allowed to borrow books from the library. From premise 3, if a person has permission to borrow books from the library, then they are a student allowed to borrow books. From premise 7, if a person is not allowed to borrow books, then they have not borrowed more than 5 books. Therefore, if a person has permission to borrow books from the library, then they are a student allowed to borrow books, and if there exists a student who is allowed to borrow books, then there exists someone who has not borrowed more than 5 books at once (from premises 1, 2, and 7), making the statement true."
181,1,được sửa đổi,No,Yes,explanation supports Yes,"Based on the above premises, is the following statement true?
Statement: If all students are participating in the buddy program, then if a person is participating in the buddy program, they gain 5 bonus points and money, and there exists a student who gains 5 bonus points and money through the program.","From premise 7, we know that all students are participating in the buddy program. From premise 4, if all students are receiving help, then if a person is participating in the buddy program, they gain 5 bonus points and money. From premise 1, if a person is participating in the buddy program, then they gain 5 bonus points and money. From premise 6, there exists a student who gains 5 bonus points and money through the program. Therefore, if all students are participating in the buddy program, then if a person is participating in the buddy program, they gain 5 bonus points and money, and there exists a student who gains 5 bonus points and money through the program (from premises 1, 4, 6, and 7), making the statement true."
182,1,được sửa đổi,No,Yes,explanation supports Yes,"Based on the above premises, is the following statement true?
Statement: If all students are enrolled in the PE course, then if a person has not attended the PE course, they are not attending the PE course this semester, and there exists a student who attended at least 2 PE courses during the 9 semesters.","From premise 1, we know that all students are enrolled in the PE course. From premise 2, if a person has not attended the PE course, then they are not attending the PE course this semester. From premise 3, there exists a student who is enrolled in the PE course. From premise 7, there exists a student who attended at least 2 PE courses during the 9 semesters. Therefore, if all students are enrolled in the PE course, then if a person has not attended the PE course, they are not attending the PE course this semester, and there exists a student who attended at least 2 PE courses during the 9 semesters (from premises 1, 2, 3, and 7), making the statement true."
184,1,được sửa đổi,No,Yes,explanation supports Yes,"Based on the above premises, is the following statement true?
Statement: If there exists someone who has successfully obtained the English certificate, then everyone is required to have the English certificate, and if a person has an English certificate, then they have at least 6.0 IELTS or a TOEFL score above 600.","From premise 2, we know there exists someone who has successfully obtained the English certificate. From premise 4, if there exists someone who has obtained the English certificate, then everyone is required to have the English certificate. From premise 5, if (having an English certificate implies having at least 6.0 IELTS or a TOEFL score), then everyone is required to have the English certificate. From premise 1, if a person has an English certificate, then they have at least 6.0 IELTS or a TOEFL score above 600. Therefore, if there exists someone who has successfully obtained the English certificate, then everyone is required to have the English certificate, and if a person has an English certificate, then they have at least 6.0 IELTS or a TOEFL score above 600 (from premises 1, 2, 4, and 5), making the statement true."
188,0,drop,Unknown,,explanation ambiguous / multi-support / non-committal,"Which of the following can be inferred about students and the subject?
A. If a student is enrolled, they complete the subject successfully.
B. If a student attends the lab, they are not enrolled.
C. All students are required to attend the lab.
D. No student completes the subject successfully.","There exists a student enrolled in the subject (premise 2). If a student is enrolled, attending the lab implies they are enrolled (premise 5) and that they complete the subject successfully (premise 4). Assuming possible attendance (not directly stated), enrollment leads to completion via attendance, requiring multiple inference steps."
188,1,được sửa đổi,Unknown,Yes,explanation supports Yes,"Is the statement true?
Statement: It is not true that: if a student is enrolled in the subject, then attending the lab is a requirement.","An enrolled student exists (premise 2). The statement claims that enrollment does not always imply a requirement to attend the lab. Since attending implies enrollment (premise 5), an enrolled student who does not attend is not required to attend (premise 1 doesn’t apply without attendance). Thus, it’s possible for an enrolled student to not be required to attend, making the statement true."
189,0,drop,Unknown,,explanation ambiguous / multi-support / non-committal,"Which of the following can be inferred about students based on the premises?
A. If a student attends classes regularly, they successfully find lectures.
B. If a student is engaged in studying, they improve their understanding.
C. All students actively search for lectures.
D. No student finds lectures to help in studying.","If a student attends classes regularly, they find lectures and improve their understanding (premise 5). Additionally, some students search for lectures (premise 1) and find them (premise 4), indicating that finding lectures is achievable. Regular attendance alone ensures finding lectures, derived through reasoning about student actions across premises."
190,0,drop,Unknown,,explanation ambiguous / multi-support / non-committal,"Which of the following can be inferred about students based on the premises?
A. If a student has feedback, they completed the internship requirements.
B. If a student has the stamp, they have feedback.
C. All students have the company stamp.
D. No student has feedback.","If a student has the company stamp, they have received feedback (premise 5). Some students have stamps (premise 1), ensuring the implication applies. This requires reasoning about the existence of students with stamps and the relationship between stamps and feedback."
191,0,drop,Unknown,,explanation ambiguous / multi-support / non-committal,"Which of the following can be inferred about students based on the premises?
A. All students are eligible for training.
B. All students raised issues about paying fees.
C. No students received confirmation of payment.
D. All students are not eligible for training.","All students have paid the fees (premise 2). If a student did not pay, they would not be eligible for training (premise 5), but since all paid, all are eligible, requiring reasoning about payment and eligibility."
191,1,được sửa đổi,No,Yes,explanation supports Yes,Is it true that all students who did not raise an issue have paid the fees?,"Not raising an issue about paying fees implies payment (premise 1). Since all students have paid the fees (premise 2), any student who did not raise an issue has paid, confirmed through logical implication and universal payment."
192,0,drop,Unknown,,explanation ambiguous / multi-support / non-committal,"Which of the following can be inferred about students based on the premises?
A. All students have passed the course.
B. All students complete exercises but not assignments.
C. No students complete assignments.
D. No students have passed the course.","All students complete exercises (premise 1) and assignments (premise 2). If completing all course activities, which may include exercises and assignments, leads to passing the course (premise 3), then all students have passed, requiring reasoning across activities and outcomes."
192,1,được sửa đổi,No,Yes,explanation supports Yes,Is it true that all students who complete exercises have passed the course?,"Since all students complete exercises (premise 1) and assignments (premise 2), and completing all course activities implies passing the course (premise 3), students who complete exercises have passed, derived through multiple steps of combining activities and course outcomes."
193,0,được sửa đổi,Unknown,A,explanation supports A,"Which of the following can be inferred about students based on the premises?
A. All students receive social work points.
B. All students are eligible for social work points.
C. No students are involved in social work.
D. No students donate blood.","All students donate blood on the university campus (premise 4). If a student does not donate blood, they do not receive social work points, so donating implies receiving points (premise 1). Thus, all students receive social work points, derived through reasoning about donation and points."
193,1,được sửa đổi,No,Yes,explanation supports Yes,Is it true that all students are involved in social work activities?,"All students donate blood on the university campus (premise 4), and donating blood implies involvement in social work activities (premise 2). Therefore, all students are involved in social work, requiring multiple steps to connect donation to social work involvement."
194,0,được sửa đổi,Unknown,A,explanation supports A,"Which of the following can be inferred about students based on the premises?
A. All students are allowed to continue studying.
B. All students do not pay the required fees.
C. No students are allowed to continue studying.
D. Some students pay the fees but cannot continue studying.","All students pay the required fees (premise 1). Paying the fees implies being allowed to continue studying (premise 3). Therefore, all students are allowed to continue, derived through reasoning about payment and continuation."
194,1,được sửa đổi,No,Yes,explanation supports Yes,Is it true that all students who pay the required fees are allowed to continue studying?,"All students pay the required fees (premise 1), and paying the fees implies being allowed to continue studying (premise 3). Thus, all students who pay are allowed to continue, confirmed through multiple steps linking payment to continuation."
195,0,được sửa đổi,Unknown,A,explanation supports A,"Which of the following can be inferred about students based on the premises?
A. All students are eligible for the final exam.
B. All students have not completed course requirements.
C. No students are eligible for the final exam.
D. Some students complete quizzes but are not eligible.","All students have completed all quizzes (premise 1), and finishing all quizzes implies eligibility for the final exam (premise 2). Therefore, all students are eligible, derived through reasoning about quiz completion and eligibility."
195,1,được sửa đổi,No,Yes,explanation supports Yes,Is it true that all students have completed all course requirements?,"All students have completed all quizzes (premise 1), and completing all quizzes implies completing all course requirements (premise 4). Thus, all students have completed course requirements, requiring multiple steps to link quizzes to requirements."
196,0,được sửa đổi,Unknown,A,explanation supports A,"Which of the following can be inferred about students based on the premises?
A. All students have met the safety requirements for the lab.
B. All students are not enrolled in the chemistry course.
C. No students are required to wear a blouse in the lab.
D. Some students meet safety requirements but do not wear a blouse.","All students are enrolled in the chemistry course (premise 3), and being enrolled implies meeting the safety requirements for the lab (premise 2). Therefore, all students have met the safety requirements, derived through reasoning about enrollment and safety compliance."
196,1,được sửa đổi,No,Yes,explanation supports Yes,Is it true that all students are required to wear a blouse in the chemistry lab?,"All students are enrolled in the chemistry course (premise 3), and not wearing a blouse implies not being enrolled (premise 4), so all enrolled students must wear a blouse. Thus, all students are required to wear a blouse, requiring multiple steps to connect enrollment to lab requirements."
197,0,được sửa đổi,Unknown,D,explanation supports D,"Which of the following can be inferred about students based on the premises?
A. All students who eat food from the canteen get sick.
B. All students are careful with the food at the canteen.
C. No students eat food from the canteen.
D. Some students do not get sick from eating canteen food.","There exists a student who eats food from the canteen (premise 3), implying some students may not eat. If a student does not consume canteen food, they do not get sick from it (premise 2). Thus, some students do not get sick, derived through reasoning about eating and sickness."
197,1,được sửa đổi,No,Yes,explanation supports Yes,Is it true that some students are careful with food generally?,"There exists a student who is careful with the food at the university canteen (premise 1), and being careful with canteen food implies being careful with food generally (premise 4). Therefore, some students are careful with food generally, requiring multiple steps to connect canteen-specific to general carefulness."
198,0,được sửa đổi,Unknown,D,explanation supports D,"Which of the following can be inferred about students based on the premises?
A. All students are eligible for graduation.
B. All students are enrolled in a course.
C. No students complete the course successfully.
D. Some students complete the course but are not eligible for graduation.","All students complete the course successfully (premise 2). Eligibility for graduation requires completing all course requirements (premise 4), but not all students may meet these requirements despite completing the course. Thus, some students complete the course but are not eligible, derived through reasoning about completion and eligibility."
198,1,drop,No,,explanation ambiguous / multi-support / non-committal,Is it true that some students are enrolled in a course?,"All students complete the course successfully (premise 2), and enrollment in a course implies successful completion (premise 1). Since all students achieve completion, it is consistent that some are enrolled, requiring multiple steps to connect completion with possible enrollment."
199,0,được sửa đổi,Unknown,C,explanation supports C,"Which of the following can be inferred about students based on the premises?
A. All students are enrolled in a course.
B. All students have passed the course.
C. Some students are eligible for the next course.
D. Some students work on a project but don’t complete it.","There exists a student enrolled in a course (premise 1), who has passed it (premise 2). If this student has completed the prerequisite, they are eligible for the next course (premise 3). Thus, some students are eligible, derived through reasoning about enrollment, passing, and prerequisites."
199,1,được sửa đổi,No,Yes,explanation supports Yes,Is it true that some students have passed the course?,"There exists a student enrolled in a course (premise 1), and enrollment implies passing the course (premise 2). Therefore, some students have passed, requiring multiple steps to connect enrollment to passing."
200,0,được sửa đổi,Unknown,A,explanation supports A,"Which of the following can be inferred about students based on the premises?
A. All students sleep in the library during the designated time.
B. All students are allowed to sleep in the library.
C. No students use the library for sleeping.
D. Some students are not allowed to sleep in the library.","All students use the library from 12:00 PM to 1:00 PM for sleeping (premise 1), and using the library for sleeping implies sleeping there during that time (premise 2). Thus, all students sleep in the library during the designated time, derived through reasoning about usage and sleeping."
200,1,drop,No,,explanation ambiguous / multi-support / non-committal,Is it true that all students are allowed to sleep in the library?,"All students use the library for sleeping (premise 1), and not using it implies not being allowed to sleep there (premise 3). However, using it does not necessarily imply being allowed, so it’s not guaranteed that all students are allowed, requiring steps to assess allowance."
201,0,drop,Unknown,,explanation ambiguous / multi-support / non-committal,"Which of the following can be inferred about students?
A. Some students complete their studies successfully
B. All students are enrolled in the university
C. Some students are not actively studying
D. Some students do not attend all required lectures","There exists a student enrolled in the university (premise 2), and completing studies requires enrollment (premise 1). Thus, it’s consistent that some students complete their studies, requiring steps to connect enrollment to completion."
201,1,được sửa đổi,No,Yes,explanation supports Yes,Is it true that there exists a student who is actively studying?,"There exists a student enrolled in the university (premise 2), and all students are actively studying (premise 3). Thus, some students are actively studying, derived through multiple steps."
202,0,được sửa đổi,Unknown,A,explanation supports A,"Which of the following can be inferred about individuals?
A. All individuals complete assignments
B. All individuals are enrolled in a course
C. Some individuals do not complete tasks
D. Some individuals are not engaged in educational activities","All individuals have successfully completed tasks (premise 3), and completing tasks requires completing assignments (premise 2). Thus, all individuals complete assignments, derived through multiple steps."
202,1,được sửa đổi,No,Yes,explanation supports Yes,Is it true that some individuals are enrolled in a course?,"There exists an individual enrolled in a course (premise 5), and enrollment implies engagement in educational activities (premise 4), consistent with all being engaged (premise 1). Thus, some are enrolled, requiring steps to confirm."
203,0,được sửa đổi,Unknown,A,explanation supports A,"Which of the following can be inferred about students?
A. All students applying for a scholarship have completed all required tasks
B. All students have received a scholarship
C. Some students apply but have not received a scholarship
D. Some students are eligible but have not received a scholarship","There exists a student applying for a scholarship (premise 1), applying implies receiving it (premise 3), and receiving requires completing tasks (premise 2). Thus, all applying students have completed tasks, derived through multiple steps."
203,1,được sửa đổi,No,Yes,explanation supports Yes,Is it true that some students have received a scholarship?,"There exists a student applying for a scholarship (premise 1), and applying implies receiving it (premise 3). Thus, some students have received a scholarship, requiring steps to connect applying to receiving."
204,0,được sửa đổi,Unknown,A,explanation supports A,"Which of the following can be inferred about students?
A. Some students study offline
B. All students complete online study tasks
C. Some students do not complete offline tasks
D. All students manage offline and online study time effectively","There exists a student who completes offline study tasks (premise 3), and completing offline tasks requires studying offline (premise 1). Thus, some students study offline, derived through multiple steps."
204,1,drop,No,,explanation ambiguous / multi-support / non-committal,Is it true that some students successfully complete online study tasks?,"There exists a student who completes offline tasks (premise 3), and completing online tasks requires offline task completion (premise 5). Thus, some students can complete online tasks, requiring steps to assess consistency."
205,0,được sửa đổi,Unknown,A,explanation supports A,"Which of the following can be inferred about students?
A. Some students study offline
B. All students study online
C. Some students do not complete offline tasks
D. All students manage offline and online study time effectively","There exists a student who completes offline study tasks (premise 3), and completing offline tasks requires studying offline (premise 1). Thus, some students study offline, derived through multiple steps."
205,1,drop,No,,explanation ambiguous / multi-support / non-committal,Is it true that some students study online?,"There exists a student who completes offline tasks (premise 3), completing online tasks requires offline completion (premise 5), and online completion requires studying online (premise 2). Thus, some students may study online, requiring multiple steps to assess."
206,0,được sửa đổi,Unknown,B,explanation supports B,"Based on the above premises, which statement can be inferred?
A. ((¬certified(x) → ¬can_teach(x)) ∧ ¬(¬can_teach(x) → ¬research_foundation(x)))
B. ((¬certified(x) → ¬can_teach(x)) → (¬can_teach(x) → ¬research_foundation(x)))
C. ((¬can_teach(x) → ¬research_foundation(x)) → (¬certified(x) → ¬can_teach(x)))
D. ¬((¬certified(x) → ¬can_teach(x)) → (¬can_teach(x) → ¬research_foundation(x)))","The statement follows from the premises that if a student is not certified, they cannot teach (premise 8), and if a student cannot teach, they lack a research foundation (premise 11). Together, these imply that if 'not certified implies cannot teach,' then 'cannot teach implies no research foundation.'"
206,1,được sửa đổi,No,Yes,explanation supports Yes,"Based on the above premises, is the following statement true?
Statement: All students receive training.","The premise explicitly states that all students receive training (premise 1), so the statement is true."
207,0,được sửa đổi,Unknown,C,explanation supports C,"Based on the above premises, which statement can be inferred?
A. ∀x (publishes_papers(x) → teaches(x))
B. (∀x (teaches(x) → publishes_papers(x)) ∧ ¬∀x (teaches(x) → publishes_papers(x)))
C. ∀x (teaches(x) → publishes_papers(x))
D. ¬∀x (teaches(x) → publishes_papers(x))","The statement that if a student teaches, then they publish papers can be inferred by combining the premises that if a student teaches, they conduct research (premise 5), and if a student conducts research, they publish papers (premise 3). These imply that teaching leads to publishing papers."
207,1,được sửa đổi,No,Yes,explanation supports Yes,"Based on the above premises, is the following statement true?
Statement: If a student publishes papers, then they conduct research.","The statement is true because it is explicitly given as a premise that if a student publishes papers, then they conduct research (premise 11)."
208,0,được sửa đổi,Unknown,A,explanation supports A,"Based on the above premises, which statement can be inferred?
A. ∀x (R(x) → P(x))
B. (∀x (P(x) → R(x)) ∧ ¬∀x (P(x) → R(x)))
C. ∀x (P(x) → R(x))
D. ¬∀x (P(x) → R(x))","The statement that if a student receives a qualification, they can conduct research follows because all students complete prerequisite courses (premise 7), and completing prerequisite courses implies the ability to conduct research (premise 5), ensuring that all students can conduct research, satisfying the implication."
208,1,được sửa đổi,No,Yes,explanation supports Yes,"Based on the above premises, is the following statement true?
Statement: (¬T(x) → ¬P(x))","The statement that if a student does not engage in training, they do not receive a qualification is true because if a student receives a qualification, they meet the requirements (premise 10), and if they meet the requirements, they engage in training (premise 12), implying that a qualification requires training."
209,0,được sửa đổi,Unknown,C,explanation supports C,"Based on the above premises, which statement can be inferred?
A. ∀x (S(x) → Q(x))
B. (∀x (Q(x) → S(x)) ∧ ¬∀x (Q(x) → S(x)))
C. ∀x (Q(x) → S(x))
D. ¬∀x (Q(x) → S(x))","The statement that if a student meets the requirements, they participate in advanced seminars follows because meeting the requirements implies receiving a qualification (premise 3), and receiving a qualification implies participating in advanced seminars (premise 5), so meeting the requirements leads to seminar participation."
209,1,được sửa đổi,No,Yes,explanation supports Yes,"Based on the above premises, is the following statement true?
Statement: There exists at least one student who is engaged in training.","The statement that there exists at least one student engaged in training is true because all students are engaged in training (premise 16), which implies at least one student is engaged in training."
211,0,được sửa đổi,Unknown,B,explanation supports B,"Based on the above premises, which statement can be inferred?
A. ∀x (T(x) → R(x))
B. ∀x (S(x) → P(x))
C. ¬∀x (S(x) → P(x))
D. (∀x (S(x) → P(x)) ∧ ¬∀x (S(x) → P(x)))","The statement that if a student engages in self-study, they receive a qualification follows because self-study implies participating in research (premise 15), and participating in research implies receiving a qualification (premise 5), so self-study leads to a qualification."
211,1,được sửa đổi,No,Yes,explanation supports Yes,"Based on the above premises, is the following statement true?
Statement: There exists at least one student who is engaged in training.","The statement that there exists at least one student engaged in training is true because all students engage in training (premise 4), which implies at least one student is engaged in training."
212,0,được sửa đổi,B,C,explanation supports C,"Based on the above premises, which statement can be inferred?
A. ∀x (T(x) → R(x))
B. ¬∀x (S(x) → P(x))
C. ∀x (S(x) → P(x))
D. (∀x (S(x) → P(x)) ∧ ¬∀x (S(x) → P(x)))","The statement that if a student engages in self-study, they receive a qualification follows because all students engage in research (premise 11), and participating in research implies receiving a qualification (premise 6), ensuring all students have qualifications, satisfying the implication."
213,0,được sửa đổi,Unknown,A,explanation supports A,"Based on the above premises, which statement can be inferred?
A. ∀x (R(x) → Q(x))
B. ∀x (Q(x) → R(x))
C. ¬∀x (R(x) → Q(x))
D. (∀x (R(x) → Q(x)) ∧ ¬∀x (R(x) → Q(x)))","The statement that if a student conducts research, they receive a qualification follows because completing prerequisite courses implies both the ability to conduct research (premise 16) and receiving a qualification (premise 8), so research leads to a qualification."
213,1,được sửa đổi,No,Yes,explanation supports Yes,"Based on the above premises, is the statement true?
Statement: There exists at least one student who has completed prerequisite courses.",The statement that there exists at least one student who has completed prerequisite courses is true because it is explicitly stated that at least one student has completed prerequisite courses (premise 3).
214,0,được sửa đổi,Unknown,A,explanation supports A,"Based on the above premises, which statement can be inferred?
A. ∀x (S(x) → R(x))
B. ∀x (R(x) → S(x))
C. ¬∀x (S(x) → R(x))
D. (∀x (S(x) → R(x)) ∧ ¬∀x (S(x) → R(x)))","The statement that if a student engages in self-study, they conduct research follows because all students participate in extracurricular activities (premise 2), and participation in extracurricular activities implies conducting research (premise 10), ensuring that self-study aligns with research."
214,1,được sửa đổi,No,Yes,explanation supports Yes,"Based on the above premises, is the statement true?
Statement: If a student does not undergo training, then they do not engage in self-study.","The statement that if a student does not undergo training, they do not engage in self-study is true because it is explicitly stated that the absence of training prevents self-study (premise 7)."
215,0,được sửa đổi,Unknown,A,explanation supports A,"Based on the above premises, which statement can be inferred?
A. ∀x (S(x) → R(x))
B. ∀x (P(x) → T(x))
C. ¬∀x (S(x) → R(x))
D. (∀x (S(x) → R(x)) ∧ ¬∀x (S(x) → R(x)))","The statement that if a student engages in self-study, they contribute to research follows because self-study implies participation in extracurricular activities (premise 15), and extracurricular activities imply contributing to research (premise 10), so self-study leads to research."
215,1,được sửa đổi,No,Yes,explanation supports Yes,"Based on the above premises, is the statement true?
Statement: If a student meets a certain qualification, then they engage in self-study.","The statement that if a student meets a certain qualification, they engage in self-study is true because it is explicitly stated that meeting a qualification implies self-study (premise 11)."
216,0,được sửa đổi,Unknown,B,explanation supports B,"Based on the above premises, which statement can be inferred?
A. ∀x (R(x) → T(x))
B. ¬∀x (T(x) → R(x))
C. ∀x (T(x) → R(x))
D. (∀x (T(x) → R(x)) ∧ ¬∀x (T(x) → R(x)))","The statement that if a student has training, they receive recognition follows because training implies proficiency (premise 1), and proficiency implies recognition (premise 15), so training leads to recognition."
216,1,được sửa đổi,No,Yes,explanation supports Yes,"Based on the above premises, is the statement true?
Statement: All students have understanding.",The statement that all students have understanding is true because it is explicitly stated that all students have understanding (premise 10).
217,0,drop,Unknown,,explanation ambiguous / multi-support / non-committal,"Based on the above premises, which statement can be inferred?
A. ∀x (K(x) → S(x))
B. ¬∀x (S(x) → K(x))
C. ∀x (S(x) → K(x))
D. (∀x (S(x) → K(x)) ∧ ¬∀x (S(x) → K(x)))","The statement that if a student has access to resources, they demonstrate knowledge follows because access to resources implies completing assignments (premise 11), and completing assignments implies demonstrating knowledge (premise 3), so resources lead to knowledge."
217,1,được sửa đổi,No,Yes,explanation supports Yes,"Based on the above premises, is the statement true?
Statement: All students have access to resources.",The statement that all students have access to resources is true because it is explicitly stated that all students have access to resources (premise 10).
218,0,được sửa đổi,A,B,explanation supports B,"Based on the above premises, which statement can be inferred?
A. ∀x (S(x) → R(x))
B. ∀x (R(x) → S(x))
C. ¬∀x (R(x) → S(x))
D. (∀x (R(x) → S(x)) ∧ ¬∀x (R(x) → S(x)))","The statement that if a student has recognition, they have skills follows because all students have recognition (premise 3) and all students have skills (premise 9), ensuring that recognition implies skills."
218,1,được sửa đổi,No,Yes,explanation supports Yes,"Based on the above premises, is the statement true?
Statement: All students have qualifications.",The statement that all students have qualifications is true because it is explicitly stated that all students have qualifications (premise 11).
219,0,được sửa đổi,Unknown,C,explanation supports C,"Based on the above premises, which statement can be inferred?
A. ∀x (U(x) → P(x))
B. ¬∀x (P(x) → U(x))
C. ∀x (P(x) → U(x))
D. (∀x (P(x) → U(x)) ∧ ¬∀x (P(x) → U(x)))","The statement that if a student has proficiency, they have understanding follows because proficiency implies training (premise 10), and training implies understanding (premise 16), so proficiency leads to understanding."
219,1,được sửa đổi,No,Yes,explanation supports Yes,"Based on the above premises, is the statement true?
Statement: ((If lacking training leads to lacking proficiency) → (Proficiency leads to training))","The statement that if lacking training leads to lacking proficiency, then proficiency leads to training is true because it is explicitly stated that this implication holds (premise 13)."
220,0,được sửa đổi,Unknown,A,explanation supports A,"Based on the above premises, which statement can be inferred?
A. ∀x (R(x) → T(x))
B. ∀x (T(x) → R(x))
C. ¬∀x (R(x) → T(x))
D. (∀x (R(x) → T(x)) ∧ ¬∀x (R(x) → T(x)))","The statement that if a student has reasoning skills, they have training follows because reasoning skills imply understanding (premise 8), and understanding implies training (premise 9), so reasoning skills lead to training."
220,1,được sửa đổi,No,Yes,explanation supports Yes,"Based on the above premises, is the statement true?
Statement: All students have skills.",The statement that all students have skills is true because it is explicitly stated that all students have skills (premise 4).
221,1,được sửa đổi,No,Yes,explanation supports Yes,"Based on the above premises, is the following statement true?
Statement: If there are vibrant student clubs at HCMUT, then all students adhere to HCMUT's code of conduct, and all students adhere to HCMUT's code of conduct.","From premise 1, we know that all students adhere to HCMUT's code of conduct. From premise 2, there are vibrant student clubs at HCMUT. From premise 4, if there are vibrant student clubs at HCMUT, then all students adhere to HCMUT's code of conduct. Therefore, if there are vibrant student clubs at HCMUT, then all students adhere to HCMUT's code of conduct, and all students adhere to HCMUT's code of conduct (from premises 1, 2, and 4), making the statement true."
222,1,được sửa đổi,No,Yes,explanation supports Yes,"Based on the above premises, is the following statement true?
Statement: If a student is enrolled in a university program, then there exists at least one student who is participating in an internship program, and there exists at least one student who has completed a research project.","From premise 6, we know there exists at least one student who is enrolled in a university program. From premise 1, if a student is enrolled in a university program, then the student has access to academic resources. From premise 4, if a student is enrolled in a university program and has access to academic resources, then there exists at least one student who is participating in an internship program. From premise 5, if a student is enrolled in a university program and has access to academic resources, then there exists at least one student who has completed a research project. From premise 2, there exists at least one student who is participating in an internship program. From premise 3, there exists at least one student who has completed a research project. Therefore, if a student is enrolled in a university program, then there exists at least one student who is participating in an internship program, and there exists at least one student who has completed a research project (from premises 1, 2, 3, 4, 5, and 6), making the statement true."
223,1,được sửa đổi,No,Yes,explanation supports Yes,"Based on the above premises, is the following statement true?
Statement: If a student is enrolled in a course, then they have access to study materials, and every student has access to study materials.","From premise 1, we know that if a student is enrolled in a course, then they have access to study materials. From premise 3, every student has access to study materials. Therefore, if a student is enrolled in a course, then they have access to study materials, and every student has access to study materials (from premises 1 and 3), making the statement true."
224,1,được sửa đổi,No,Yes,explanation supports Yes,"Based on the above premises, is the following statement true?
Statement: If a student is not studying, then they are not revising, and if a student is not understanding the material, then they are not revising.","From premise 1, we know that if a student is not studying, then they are not revising. From premise 2, if a student is not understanding the material, then they are not revising. From premise 4, if (a student not understanding the material implies they are not revising), then (a student not studying implies they are not revising). Therefore, if a student is not studying, then they are not revising, and if a student is not understanding the material, then they are not revising (from premises 1, 2, and 4), making the statement true."
225,1,được sửa đổi,No,Yes,explanation supports Yes,"Based on the above premises, is the following statement true?
Statement: If there exists at least one student who is studying, then there exists at least one student who is preparing for an exam, and if there exists at least one student who is preparing for an exam, then there exists at least one student who is studying.","From premise 1, we know there exists at least one student who is studying. From premise 5, if there exists at least one student who is studying, then there exists at least one student who is preparing for an exam. From premise 2, there exists at least one student who is preparing for an exam. From premise 4, if there exists at least one student who is preparing for an exam, then there exists at least one student who is studying. Therefore, if there exists at least one student who is studying, then there exists at least one student who is preparing for an exam, and if there exists at least one student who is preparing for an exam, then there exists at least one student who is studying (from premises 1, 2, 4, and 5), making the statement true."
227,1,được sửa đổi,No,Yes,explanation supports Yes,"Based on the above premises, is the following statement true?
Statement: If a student is preparing for an exam, then they are asking questions, and if a student is not studying, then they are not attending tutorials.","From premise 2, we know that if a student is preparing for an exam, then they are asking questions. From premise 3, if a student is not studying, then they are not attending tutorials. From premise 5, if (a student preparing for an exam implies they are asking questions), then (a student not studying implies they are not attending tutorials). Therefore, if a student is preparing for an exam, then they are asking questions, and if a student is not studying, then they are not attending tutorials (from premises 2, 3, and 5), making the statement true."
228,1,được sửa đổi,No,Yes,explanation supports Yes,"Based on the above premises, is the following statement true?
Statement: If a student is preparing for an exam, then they are understanding the material, and every student is attending tutorials.","From premise 1, we know that if a student is preparing for an exam, then they are understanding the material. From premise 3, every student is attending tutorials. From premise 5, if (a student preparing for an exam implies they are understanding the material), then every student is attending tutorials. Therefore, if a student is preparing for an exam, then they are understanding the material, and every student is attending tutorials (from premises 1, 3, and 5), making the statement true."
229,1,được sửa đổi,No,Yes,explanation supports Yes,"Based on the above premises, is the following statement true?
Statement: If there exists at least one student who is attending tutorials, then if a student is not asking questions, they are not attending tutorials, and every student is preparing for an exam.","From premise 3, we know there exists at least one student who is attending tutorials. From premise 5, if there exists at least one student who is attending tutorials, then if a student is not asking questions, they are not attending tutorials. From premise 1, every student is preparing for an exam. From premise 2, if a student is not asking questions, then they are not attending tutorials. Therefore, if there exists at least one student who is attending tutorials, then if a student is not asking questions, they are not attending tutorials, and every student is preparing for an exam (from premises 1, 2, 3, and 5), making the statement true."
230,1,được sửa đổi,No,Yes,explanation supports Yes,"Based on the above premises, is the following statement true?
Statement: If there exists at least one student who is asking questions, then if a student is not revising, they are not studying, and if a student is not revising, then they are not asking questions.","From premise 3, we know there exists at least one student who is asking questions. From premise 5, if there exists at least one student who is asking questions, then if a student is not revising, they are not studying. From premise 4, if there exists at least one student who is asking questions, then if a student is not revising, they are not asking questions. From premise 1, if a student is not revising, then they are not studying. From premise 2, if a student is not revising, then they are not asking questions. Therefore, if there exists at least one student who is asking questions, then if a student is not revising, they are not studying, and if a student is not revising, then they are not asking questions (from premises 1, 2, 3, 4, and 5), making the statement true."
234,1,được sửa đổi,No,Yes,explanation supports Yes,"Based on the above premises, is the following statement true?
Statement: If a student is not understanding the material, then they are not revising, and if a student is attending tutorials, then they are revising.","From premise 2, we know every student is revising. From premise 3, if a student is not understanding the material, then they are not revising. From premise 4, if (a student not understanding the material implies they are not revising), then (a student attending tutorials implies they are revising). From premise 5, if (the statement that 'if a student not understanding the material implies they are not revising, then a student attending tutorials implies they are revising') is true, then (if a student is not understanding the material, they are not revising). From premise 1, if a student is attending tutorials, then they are revising. Therefore, if a student is not understanding the material, then they are not revising, and if a student is attending tutorials, then they are revising (from premises 1, 2, 3, 4, and 5), making the statement true."
235,1,được sửa đổi,No,Yes,explanation supports Yes,"Based on the above premises, is the following statement true?
Statement: If a university student is revising, then they are preparing for an exam, and if a university student is studying, then they are understanding the material.","From premise 1, we know that if a university student is revising, then they are preparing for an exam. From premise 3, if a university student is studying, then they are understanding the material. From premise 4, if (a university student revising implies they are preparing for an exam), then (a university student studying implies they are understanding the material). From premise 5, if (the statement that 'if a university student revising implies they are preparing for an exam, then a university student studying implies they are understanding the material') is true, then (if a university student is studying, they are understanding the material). Therefore, if a university student is revising, then they are preparing for an exam, and if a university student is studying, then they are understanding the material (from premises 1, 3, 4, and 5), making the statement true."
237,1,được sửa đổi,No,Yes,explanation supports Yes,"Based on the above premises, is the following statement true?
Statement: If a high school student is not proficient in algebra, then they will not ace calculus, and there exists at least one high school student who understands trigonometry.","From premise 3, we know that if a high school student is not proficient in algebra, then they will not ace calculus. From premise 4, if (if a high school student is not proficient in algebra, then they will not ace calculus), then there exists at least one high school student who understands trigonometry. From premise 5, if (if (if a high school student is not proficient in algebra, then they will not ace calculus), then there exists at least one high school student who understands trigonometry), then there exists at least one high school student who understands trigonometry. From premise 2, there exists at least one high school student who understands trigonometry. Therefore, if a high school student is not proficient in algebra, then they will not ace calculus, and there exists at least one high school student who understands trigonometry (from premises 2, 3, 4, and 5), making the statement true."
238,1,được sửa đổi,No,Yes,explanation supports Yes,"Based on the above premises, is the following statement true?
Statement: Every high school student is studious, and every high school student participates in extracurricular activities.","From premise 1, we know that every high school student is studious. From premise 2, every high school student participates in extracurricular activities. From premise 3, every high school student upholds school values. Therefore, every high school student is studious, and every high school student participates in extracurricular activities (from premises 1, 2, and 3), making the statement true."
240,0,drop,Unknown,,explanation ambiguous / multi-support / non-committal,"Which of the following can be inferred about students?
A. Some students meet professional teaching standards
B. Some students do not possess basic teaching skills
C. All students have completed the Educational Psychology course
D. Some students are not enrolled in the Teacher Education program","There exists a student who has completed the Educational Psychology course (premise 1), and meeting professional standards implies completion (premise 4). Thus, some students can meet standards, derived through multiple steps."
240,1,được sửa đổi,No,Yes,explanation supports Yes,"Is the following statement true? Statement: If all students are enrolled in the Teacher Education program, then there exists at least one student who has completed the Educational Psychology course","All students are enrolled in the Teacher Education program (premise 2), and there exists a student who has completed the Educational Psychology course (premise 1). Thus, the statement holds, requiring steps to connect enrollment to completion."
241,0,drop,Unknown,,explanation ambiguous / multi-support / non-committal,"Which of the following can be inferred about students?
A. Some students have submitted a research proposal
B. All students have passed the Research Methodology course
C. Some students are not enrolled in a thesis-based program
D. All students are eligible to apply for graduate scholarships","There exists a student who has participated in a research project (premise 2), and participation requires submitting a research proposal (premise 4). Thus, some students have submitted a proposal, derived through multiple steps."
241,1,được sửa đổi,No,Yes,explanation supports Yes,"Is the following statement true? Statement: If the statement 'if all students are enrolled in a thesis-based program, then at least one student has participated in a research project' is true, then all students are enrolled in a thesis-based program","All students are enrolled in a thesis-based program (premise 1), and there exists a student who has participated in a research project (premise 2). Thus, the implication holds, and the consequent is true, requiring steps to connect premises."
242,0,drop,Unknown,,explanation ambiguous / multi-support / non-committal,"Which of the following can be inferred about online students?
A. Some online students have viewed at least one lecture video
B. All online students have completed a module quiz
C. Some online students have not logged into the platform
D. All online students have submitted a course feedback form","All online students have logged into the platform (premise 1), and logging in implies viewing a lecture video (premise 3). Thus, some online students have viewed a video, derived through multiple steps."
242,1,được sửa đổi,No,Yes,explanation supports Yes,Is the following statement true? Statement: There exists at least one online student who has completed a module quiz,"There exists an online student who has completed a module quiz (premise 2), and all online students have logged in (premise 1). Thus, the statement is true, requiring steps to confirm consistency."
243,0,drop,Unknown,,explanation ambiguous / multi-support / non-committal,"Which of the following can be inferred about students?
A. Some students are members of the student council
B. All students complete all assignments on time
C. Some students do not follow the classroom rules
D. Some students do not receive positive participation marks","There exists a student who is a member of the student council (premise 2), and all students follow the classroom rules (premise 1). Thus, some students are council members, derived through multiple steps."
243,1,được sửa đổi,No,Yes,explanation supports Yes,Is the following statement true? Statement: All students follow the classroom rules,"All students follow the classroom rules (premise 1), and there exists a student in the student council who follows the rules (premise 2). Thus, the statement is true, requiring steps to confirm consistency."
244,0,drop,Unknown,,explanation ambiguous / multi-support / non-committal,"Which of the following can be inferred about students?
A. Some students are eligible to take the end-of-term quiz
B. All students are qualified for the academic achievement award
C. Some students have not submitted all required assignments
D. All students have volunteered in school activities","All students have attended the required number of classes (premise 4), submitting assignments implies quiz eligibility (premise 1), and attendance ensures no ineligibility (premise 2). Thus, some students are eligible, derived through multiple steps."
244,1,được sửa đổi,No,Yes,explanation supports Yes,"Is the following statement true? Statement: If a student has not attended the required number of classes, then they are not eligible to take the end-of-term quiz","If a student has not attended enough classes, they are not eligible for the quiz (premise 2), and all students have attended (premise 4). Thus, the statement is trivially true, requiring steps to confirm."
245,0,được sửa đổi,Unknown,A,explanation supports A,"Which of the following can be inferred about students?
A. All students have reviewed the course materials
B. Some students have not participated actively in class
C. Some students are not well-prepared for class discussions
D. All students have joined a study group","All students are well-prepared for class discussions (premise 3), and being well-prepared requires reviewing course materials (premise 1). Thus, all students have reviewed the materials, derived through multiple steps."
245,1,được sửa đổi,No,Yes,explanation supports Yes,Is the following statement true? Statement: All students participate actively in class,"All students participate actively in class (premise 2), and all are well-prepared (premise 3). Thus, the statement is true, requiring steps to confirm consistency."
246,0,được sửa đổi,Unknown,A,explanation supports A,"Which of the following can be inferred about participants?
A. All participants have signed the liability waiver
B. Some participants have not received the safety briefing
C. Some participants are not equipped with proper outdoor gear
D. All participants have not completed the registration form","All participants have completed the registration form (premise 2), and completing the form requires signing the liability waiver (premise 4). Thus, all participants have signed the waiver, derived through multiple steps."
246,1,được sửa đổi,No,Yes,explanation supports Yes,"Is the following statement true? Statement: If a participant has completed the registration form, then they have received the necessary safety briefing","If a participant completes the registration form, they receive the safety briefing (premise 1), and all participants have completed the form (premise 2). Thus, the statement is true, requiring steps to confirm."
247,0,được sửa đổi,Unknown,A,explanation supports A,"Which of the following can be inferred about students?
A. All students have been invited to the group
B. Some students have not agreed to join a group
C. Some students are not considered active group members
D. All students have submitted the group contract","All students have agreed to join a group (premise 3), invitation implies agreement (premise 2), and lack of invitation denies membership (premise 4). Thus, all students have been invited, derived through multiple steps."
247,1,được sửa đổi,No,Yes,explanation supports Yes,"Is the following statement true? Statement: If a student has been invited to the group, then it implies that if at least one student has agreed to join, then those who haven't submitted the contract aren't active members","Invitation implies agreement (premise 2), all students have agreed (premise 3), and missing the contract denies membership (premise 1). Thus, the statement holds, requiring steps to connect premises."
248,0,được sửa đổi,Unknown,A,explanation supports A,"Which of the following can be inferred about students?
A. All students meet the seminar's eligibility criteria
B. Some students do not meet the seminar's eligibility criteria
C. Some students have not submitted a complete seminar application
D. Some students have not shown interest in the seminar","All students meet the seminar's eligibility criteria (premise 1), and all have shown interest (premise 3). Thus, eligibility holds for all, derived through multiple steps."
248,1,được sửa đổi,No,Yes,explanation supports Yes,"Is the following statement true? Statement: If there exists at least one student who has shown interest in the seminar, then all students meet the seminar's eligibility criteria","All students have shown interest (premise 3), implying at least one has, and all meet the eligibility criteria (premise 1). Thus, the statement is true, requiring steps to connect premises."
249,0,được sửa đổi,Unknown,A,explanation supports A,"Which of the following can be inferred about students?
A. All students have received a festival invitation
B. Some students do not have access to festival activities
C. Some students are not attending the university festival
D. All students have not registered for the festival","All students are attending the festival (premise 4), attendance implies access (premise 3), access implies registration (premise 1), and registration implies invitation (premise 2). Thus, all students have received an invitation, derived through multiple steps."
249,1,được sửa đổi,No,Yes,explanation supports Yes,Is the following statement true? Statement: At least one student is attending the university festival,"All students are attending the festival (premise 4), implying at least one is attending, with access ensured (premise 3). Thus, the statement is true, requiring steps to confirm."
250,0,được sửa đổi,Unknown,A,explanation supports A,"Which of the following can be inferred about students?
A. Some students are eligible for the scholarship
B. All students have maintained a good academic standing
C. Some students will not be shortlisted for an interview
D. All students have submitted a scholarship application","There exists a student who has submitted a scholarship application (premise 5), and submitting an application implies eligibility (premise 1). Thus, some students are eligible, derived through multiple steps."
250,1,được sửa đổi,No,Yes,explanation supports Yes,"Is the following statement true? Statement: If a student has not maintained a good academic standing, then they will not be shortlisted for an interview","If a student has not maintained good standing, they will not be shortlisted (premise 2), and at least one student has good standing (premise 3). Thus, the statement is true, requiring steps to confirm consistency."
251,0,được sửa đổi,Unknown,A,explanation supports A,"Which of the following can be inferred about students?
A. All students are officially granted permission to be absent
B. Some students have not requested permission to be absent
C. Some students are not granted permission to be absent
D. All students provided a valid reason for absence","All students have requested permission to be absent (premise 3), and requesting permission implies it is granted (premise 1). Thus, all students are granted permission, derived through multiple steps."
251,1,được sửa đổi,No,Yes,explanation supports Yes,Is the following statement true? Statement: There exists at least one student who has requested permission to be absent from class,"All students have requested permission (premise 3), implying at least one has, with permission granted (premise 1). Thus, the statement is true, requiring steps to confirm."
252,0,được sửa đổi,Unknown,A,explanation supports A,"Which of the following can be inferred about students?
A. Some students have formed a team
B. All students have submitted a competition application
C. Some students are not registered for the competition
D. All students have shown interest in the competition","There exists a student registered for the competition (premise 5), and registration requires forming a team (premise 3). Thus, some students have formed a team, derived through multiple steps."
252,1,được sửa đổi,No,Yes,explanation supports Yes,"Is the following statement true? Statement: If a student has not formed a team, then they are not registered for the start-up competition","If a student has not formed a team, they are not registered (premise 3), and at least one student is registered (premise 5). Thus, the statement is true, requiring steps to confirm consistency."
253,0,được sửa đổi,Unknown,A,explanation supports A,"Which of the following can be inferred about persons?
A. All persons have been trained to recognize scams
B. Some persons are vulnerable to scammers
C. Some persons have not been trained to recognize scams
D. All persons are vulnerable to scammers","All persons have been trained to recognize scams (premise 3), ensuring no vulnerability (premise 2). Thus, all are trained, derived through multiple steps."
253,1,được sửa đổi,No,Yes,explanation supports Yes,"Is the following statement true? Statement: If a person has not been trained to recognize scams, then they are vulnerable to scammers","If a person is not trained, they are vulnerable (premise 1), but all are trained (premise 3), making the implication trivially true. This requires steps to confirm consistency."
254,0,được sửa đổi,Unknown,A,explanation supports A,"Which of the following can be inferred about students?
A. Some students gain more knowledge
B. All students do not use online documents
C. Some students do not gain more knowledge
D. All students use online documents and do not gain knowledge","There exists a student who gains more knowledge (premise 2), and all students use online documents (premise 3). Thus, some students gain knowledge, derived through multiple steps."
254,1,được sửa đổi,No,Yes,explanation supports Yes,"Is the following statement true? Statement: If x does not use online documents from the library, then x does not gain more knowledge","If x does not use online documents, x does not gain knowledge (premise 1), and all students use them (premise 3). The statement holds, requiring steps to confirm consistency."
255,0,được sửa đổi,Unknown,A,explanation supports A,"Which of the following can be inferred about students?
A. Some students have received clearance from the academic office
B. All students have not submitted the exam eligibility form
C. Some students are not allowed to attend the final exam
D. All students have confirmed their exam schedule","There exists a student who submitted the eligibility form (premise 4), and submitting the form implies clearance (premise 2). Thus, some students have clearance, derived through multiple steps."
255,1,được sửa đổi,No,Yes,explanation supports Yes,"Is the following statement true? Statement: If submitting the eligibility form leads to receiving clearance, then confirming the exam schedule leads to being allowed to attend the final exam","Submitting the form leads to clearance (premise 2), and all students are allowed to attend the exam (premise 3), making the consequent trivially true. The statement holds, requiring steps to confirm."
256,0,drop,Unknown,,explanation ambiguous / multi-support / non-committal,"Which of the following can be inferred about students?
A. Some students behaved suspiciously during the exam
B. All students were caught using unauthorized materials
C. Some students were not reported for cheating
D. All students are summoned for a disciplinary hearing","There exists a student who attempted to communicate (premise 4), which may imply suspicious behavior, and suspicious behavior leads to being caught (premise 2). Thus, some students behaved suspiciously, derived through multiple steps."
256,1,được sửa đổi,No,Yes,explanation supports Yes,"Is the following statement true? Statement: If a student behaved suspiciously during the exam, then they were caught using unauthorized materials","If a student behaved suspiciously, they were caught (premise 2), and being caught implies being reported (premise 1). The statement is true, requiring steps to confirm."
257,0,được sửa đổi,Unknown,A,explanation supports A,"Which of the following can be inferred about students?
A. All students have improved their communication skills
B. Some students did not participate in group projects
C. All students have developed leadership abilities
D. Some students have not attended soft skills workshops","All students have attended workshops (premise 3), and attending workshops implies improved communication (premise 1). Thus, all students have improved communication skills, derived through multiple steps."
257,1,được sửa đổi,No,Yes,explanation supports Yes,"Is the following statement true? Statement: If the implication from workshop attendance to communication improvement implies all students attended workshops, then all students did attend the workshops","The implication from workshop attendance to communication improvement (premise 1) is true, and all students have attended workshops (premise 3). Thus, the statement holds, requiring steps to confirm."
258,0,được sửa đổi,Unknown,A,explanation supports A,"Which of the following can be inferred about students?
A. Some students have created a personal study-work schedule
B. All students are employed part-time
C. Some students do not maintain consistent academic performance
D. All students report feeling balanced between work and study","There exists a student who manages deadlines effectively (premise 4), and effective deadline management implies a study-work schedule (premise 1). Thus, some students have a schedule, derived through multiple steps."
258,1,được sửa đổi,No,Yes,explanation supports Yes,"Is the following statement true? Statement: If a student is employed part-time, then they report feeling balanced between work and study","If a student is employed part-time, they feel balanced (premise 3), and the existence of a student managing deadlines (premise 4) is consistent. The statement is true, requiring steps to confirm."
259,0,được sửa đổi,Unknown,A,explanation supports A,"Which of the following can be inferred about students?
A. Some students have gained international experience
B. All students have received support from the international office
C. Some students are not ready to join the international community
D. All students have applied for an exchange program","There exists a student who applied for an exchange program (premise 5), and applying implies gaining international experience (premise 2). Thus, some students have gained experience, derived through multiple steps."
259,1,được sửa đổi,No,Yes,explanation supports Yes,"Is the following statement true? Statement: If a student has received support from the international office, then they have gained international experience","If a student received support from the international office, they gained experience (premise 3), and the existence of a student who applied (premise 5) is consistent. The statement is true, requiring steps to confirm."
260,1,được sửa đổi,No,Yes,explanation supports Yes,"Based on the above premises, is the statement true?
Statement: If a student does not participate in extracurricular activities, they cannot develop leadership skills.","The statement that if a student does not participate in extracurricular activities, they cannot develop leadership skills is true because it is explicitly stated (premise 4)."
261,0,được sửa đổi,A,B,explanation supports B,"Based on the above premises, which statement can be inferred?
A. ¬∀x (R(x) → E(x))
B. ∀x (S(x) → C(x))
C. ∀x ¬S(x)
D. ∀x (E(x) → ¬R(x))","The statement that if a student attends advanced seminars, they earn research credits follows because all students are in the advanced research program (premise 6), complete research projects (premise 18), and have access to seminars (premise 19 via premises 5, 9, 12), ensuring seminar attendance implies credits (premise 2)."
261,1,được sửa đổi,No,Yes,explanation supports Yes,"Based on the above premises, is the statement true?
Statement: If an advanced seminar exists, then students who do not maintain academic excellence are removed from the advanced research program.","The statement that if an advanced seminar exists, then students who do not maintain academic excellence are removed from the advanced research program is true because it is explicitly stated (premise 13)."
262,0,được sửa đổi,Unknown,D,explanation supports D,"Based on the above premises, which statement can be inferred?
A. ∃x S(x)
B. ∀x ¬N(x)
C. ∀x ¬T(x)
D. ∃x I(x)","The statement that there is at least one student who completes innovative tech projects follows because there exists at least one student in an advanced technology track (premise 14), and all students in such tracks complete innovative tech projects (premise 12)."
263,0,được sửa đổi,Unknown,C,explanation supports C,"Based on the above premises, which statement can be inferred?
A. ∀x W(x)
B. ∀x (¬C(x) → ¬P(x))
C. ∀x (¬J(x) → ¬F(x))
D. ∀x (N(x) → K(x))","The statement that if a student does not participate in research projects, they cannot receive research grants follows because not participating leads to losing academic standing (premise 12), and losing academic standing prevents receiving grants (premise 14)."
263,1,được sửa đổi,No,Yes,explanation supports Yes,"Based on the above premises, is the statement true?
Statement: If a student receives a research grant, they automatically maintain academic excellence.","The statement that if a student receives a research grant, they maintain academic excellence is true because all students maintain academic excellence (premise 5), so any student with a grant satisfies this condition."
264,0,được sửa đổi,Unknown,A,explanation supports A,"Based on the above premises, which statement can be inferred?
A. ∀x (S(x) → T(x))
B. ∀x (T(x) → S(x))
C. ¬∀x (S(x) → T(x))
D. ∀x (S(x) → ¬T(x))","The statement that if a student participates in seminars, they take advanced tests follows because seminar participation implies enrollment in an advanced program (premise 8), and enrollment in an advanced program implies taking advanced tests (premise 19)."
264,1,được sửa đổi,No,Yes,explanation supports Yes,"Based on the above premises, is the statement true?
Statement: If a student obtains academic credits, they meet course requirements.","The statement that if a student obtains academic credits, they meet course requirements is true because it is explicitly stated (premise 1)."
265,1,được sửa đổi,No,Yes,explanation supports Yes,"Based on the above premises, is the statement true?
Statement: ((QualifiesForScholarship(x) → AttendsTraining(x)) → ForAll(x, StudiesRegularly(x)))","The statement is true because all students study regularly, making the consequent of the implication true, so the entire implication holds."
266,0,được sửa đổi,Unknown,C,explanation supports C,"Based on the above premises, which statement can be inferred?
A. There exists a student who does not receive a recommendation letter.
B. There exists a student who does not pass the exam.
C. All students attend tutoring sessions.
D. All students do not study regularly.","All students attend tutoring sessions because all students pass the exam, and passing the exam implies attending tutoring sessions."
266,1,được sửa đổi,Yes,No,explanation supports No,"Based on the above premises, is the statement true?
Statement: ((QualifiesForScholarship(x) → AttendsTutoring(x)) → ForAll(x, StudiesRegularly(x)))","The statement is not necessarily true because, although all students qualify for a scholarship and attend tutoring, there is only evidence that at least one student studies regularly, not all."
267,0,được sửa đổi,Unknown,C,explanation supports C,"Based on the above premises, which statement can be inferred?
A. There exists a student who does not receive a recommendation letter.
B. There exists a student who does not attend tutoring sessions.
C. All students pass the exam.
D. All students do not study regularly.","All students pass the exam because all students receive a recommendation letter, and if a student receives a recommendation letter, they pass the exam (via the contrapositive of not passing implying not receiving a recommendation letter)."
268,0,được sửa đổi,Unknown,C,explanation supports C,"Based on the above premises, which statement can be inferred?
A. There exists a student who does not receive an award.
B. There exists a student who does not pass the exam.
C. All students study regularly.
D. There exists a student who does not attend tutoring sessions.","All students study regularly because all students are diligent, and being diligent implies studying regularly."
269,0,được sửa đổi,Unknown,C,explanation supports C,"Based on the above premises, which statement can be inferred?
A. There exists a student who does not qualify for a scholarship.
B. There exists a student who does not receive an award.
C. All students pass the exam.
D. There exists a student who does not study regularly.","All students pass the exam because all students study regularly, and studying regularly implies passing the exam."
270,0,được sửa đổi,Unknown,C,explanation supports C,"Based on the above premises, which statement can be inferred?
A. There exists a student who does not understand the material.
B. There exists a student who does not study regularly.
C. All students complete assignments.
D. There exists a student who does not pass the exam.","All students complete assignments because all students study regularly, and completing assignments is equivalent to studying regularly."
271,0,được sửa đổi,Unknown,C,explanation supports C,"Based on the above premises, which statement can be inferred?
A. There exists a student who does not attend tutoring sessions.
B. There exists a student who does not study regularly.
C. All students qualify for a scholarship.
D. There exists a student who does not pass the exam.","All students qualify for a scholarship because all students attend tutoring sessions, and attending tutoring sessions implies qualifying for a scholarship."
271,1,được sửa đổi,No,Yes,explanation supports Yes,"Based on the above premises, is the statement true?
Statement: ((AttendsTutoring(x) → QualifiesScholarship(x)) → (ReceivesRecommendation(x) → StudiesRegularly(x)))","The statement is true because all students study regularly, making the consequent of receiving a recommendation letter implying studying regularly true, so the entire implication holds."
272,0,được sửa đổi,Unknown,C,explanation supports C,"Based on the above premises, which statement can be inferred?
A. There exists a student who does not receive a recommendation letter.
B. There exists a student who does not attend tutoring sessions.
C. All students qualify for a scholarship.
D. There exists a student who does not study regularly.","All students qualify for a scholarship because all students receive a recommendation letter, which implies they study regularly, leading to attending tutoring sessions, and not attending tutoring sessions implies not qualifying for a scholarship, so all must qualify."
272,1,được sửa đổi,No,Yes,explanation supports Yes,"Based on the above premises, is the statement true?
Statement: (StudiesRegularly(x) → AttendsTutoring(x))","The statement is true because it is explicitly stated that if a student studies regularly, then they attend tutoring sessions."
273,0,được sửa đổi,Unknown,C,explanation supports C,"Based on the above premises, which statement can be inferred?
A. There exists a student who is not prepared.
B. There exists a student who does not ask questions.
C. All students attend university.
D. There exists a student who does not study regularly.","All students attend university because all students study regularly, and studying regularly implies attending university."
273,1,được sửa đổi,No,Yes,explanation supports Yes,"Based on the above premises, is the statement true?
Statement: (¬TakesTest(x) → ¬AsksQuestions(x))","The statement is true because all students take the test, making the premise of not taking the test false, so the implication holds vacuously."
274,1,được sửa đổi,No,Yes,explanation supports Yes,"Based on the above premises, is the statement true?
Statement: Exists(x, AttendsTutoring(x))","The statement is true because there is at least one student who attends tutoring sessions, as explicitly stated."
275,1,được sửa đổi,No,Yes,explanation supports Yes,"If all students complete the end-of-term research paper, does it follow that if a broader understanding implies mentoring, then investing time in project-based learning implies a broader understanding?","From premise 4 (All students complete the end-of-term research paper), we know ∀x (Student(x) → CompletesResearchPaper(x)). From premise 7, if ∀x (Student(x) ∧ InvestsTimeProjectLearning(x) → BroaderUnderstanding(x)), then ∀x (Student(x) → CompletesResearchPaper(x)). Since premise 4 states this is true, premise 7's antecedent must be true. From premise 8, if ∀x (Student(x) ∧ BroaderUnderstanding(x) → MentorsFirstYears(x)), then ∀x (Student(x) ∧ InvestsTimeProjectLearning(x) → BroaderUnderstanding(x)). Therefore, if a broader understanding implies mentoring (premise 3), then investing time in project-based learning implies a broader understanding (premise 1). Hence, the statement is true."
276,0,được sửa đổi,Unknown,C,explanation supports C,"Based on the above premises, which statement can be inferred if we know that all researchers write publications?
A. If a researcher writes a publication and provides novel insights, then if students enrolled in advanced courses excel, they will remain successful.
B. It is not the case that researchers who write publications provide novel insights that sustain student excellence in advanced courses.
C. If a researcher writes a publication, then the researcher provides novel insights, ensuring that students who excel continue to excel.
D. If publishing a paper leads to providing novel insights, then publishing a paper leads to providing novel insights.","From premise 11 (All researchers write publications), we know ∀x (Researcher(x) → WritesPublication(x)). From premise 5, if a researcher writes a publication, then the researcher provides novel insights (WritesPublication(x) → ProvidesNovelInsights(x)). Combining these, all researchers provide novel insights (premise 10). From premise 8, if a researcher writes a publication and thereby provides novel insights, then whenever students enroll in advanced courses and excel, they continue to excel (Researcher(x) ∧ WritesPublication(x) ∧ ProvidesNovelInsights(x) → ∀y (Student(y) ∧ EnrollsAdvanced(y) ∧ Excels(y) → ContinuesToExcel(y))). Therefore, if a researcher writes a publication, then the researcher provides novel insights, ensuring that students who excel continue to excel (option C)."
277,0,được sửa đổi,Unknown,A,explanation supports A,"Based on the above premises, which statement can be inferred if we know that there exists at least one student who passes the course?
A. If studying regularly implies understanding course material, then there exists a student who passes the course.
B. If studying regularly implies understanding course material and simultaneously it's not the case that studying regularly implies understanding course material, then there exists a student who passes the course.
C. It is not the case that if studying regularly implies understanding course material, then there exists a student who passes the course.
D. If it's true that studying regularly implying understanding course material implies the existence of a student who passes, then it's true that studying regularly implying understanding course material implies the existence of a student who passes.","From premise 2 (There exists at least one student who passes the course), we know ∃x (Student(x) ∧ PassesCourse(x)). From premise 7, if it's true that studying regularly implies understanding course material, then there exists a student who passes the course ((∀x (Student(x) ∧ StudiesRegularly(x) → UnderstandsMaterial(x))) → (∃x (Student(x) ∧ PassesCourse(x)))). Since premise 2 states that there exists a student who passes the course, premise 7's consequent is true, so the antecedent must be true. Therefore, if studying regularly implies understanding course material, then there exists a student who passes the course (option A)."
277,1,được sửa đổi,No,Yes,explanation supports Yes,"If it's true that not understanding course material implies not taking detailed notes, does it follow that there exists at least one student who takes detailed notes?","From premise 2 (There exists at least one student who passes the course), we know ∃x (Student(x) ∧ PassesCourse(x)). From premise 6, if it's true that not understanding course material implies not taking detailed notes, then there exists a student who passes the course ((∀x (Student(x) ∧ ¬UnderstandsMaterial(x) → ¬TakesDetailedNotes(x))) → (∃x (Student(x) ∧ PassesCourse(x)))). Since premise 2 states that there exists a student who passes the course, premise 6's consequent is true, so the antecedent must be true. From premise 5, if a student does not understand course material, then the student does not take detailed notes (∀x (Student(x) ∧ ¬UnderstandsMaterial(x) → ¬TakesDetailedNotes(x))). Since premise 6's antecedent is true, and premise 5 states this implication, there must exist at least one student who takes detailed notes to satisfy premise 2."
278,0,được sửa đổi,Unknown,B,explanation supports B,"Based on the above premises, which statement can be inferred if we know that all students are qualified for graduation?
A. It is not the case that if regular attendance implies understanding course material, then there exists a student qualified for graduation.
B. If it's true that regular attendance implies understanding course material, then there exists at least one student who is qualified for graduation.
C. If it's true that regular attendance implying understanding material implies the existence of qualified students, then it's true that regular attendance implying understanding material implies the existence of qualified students.
D. It's simultaneously true and false that if regular attendance implies understanding course material, then there exists at least one student who is qualified for graduation.","From premise 4 (All students are qualified for graduation), we know ∀x (Student(x) → QualifiedForGraduation(x)). From premise 6, if all students are qualified for graduation, then there exists at least one student who takes advanced courses (∀x (Student(x) → QualifiedForGraduation(x)) → ∃x (Student(x) ∧ TakesAdvancedCourses(x))). Since premise 4 states this is true, premise 6's antecedent is true, so the consequent must be true. From premise 7, if it's true that regular attendance implies understanding course material, then there exists at least one student who is qualified for graduation ((∀x (Student(x) ∧ RegularlyAttends(x) → UnderstandsMaterial(x))) → (∃x (Student(x) ∧ QualifiedForGraduation(x)))). Since we know from premise 4 that all students are qualified for graduation, premise 7's consequent is true, so the antecedent must be true. Therefore, if it's true that regular attendance implies understanding course material, then there exists at least one student who is qualified for graduation (option B)."
278,1,được sửa đổi,No,Yes,explanation supports Yes,"If all students are qualified for graduation, does it follow that there exists at least one student who takes advanced courses?","From premise 4 (All students are qualified for graduation), we know ∀x (Student(x) → QualifiedForGraduation(x)). From premise 6, if all students are qualified for graduation, then there exists at least one student who takes advanced courses (∀x (Student(x) → QualifiedForGraduation(x)) → ∃x (Student(x) ∧ TakesAdvancedCourses(x))). Since premise 4 states this is true, premise 6's antecedent is true, so the consequent must be true. Therefore, if all students are qualified for graduation, it follows that there exists at least one student who takes advanced courses."
279,0,được sửa đổi,Unknown,D,explanation supports D,"Based on the above premises, which statement can be inferred if we know that there is at least one learner who successfully undertakes an independent research project?
A. It is not the case that if there is a specialized computer science learner, then an independent research project leads to an academic distinction.
B. If having a specialized computer science learner implies an independent research project leads to an academic distinction, then having a specialized computer science learner implies an independent research project leads to an academic distinction.
C. If having a specialized computer science learner implies an independent research project leads to an academic distinction, and it is also not the case, then both conditions hold simultaneously.
D. If there is a specialized computer science learner, then an independent research project leads to an academic distinction.","From premise 1 (There is at least one student enrolled in a specialized computer science course), we know ∃x (SpecializedCourse(x)). From premise 5, there is at least one learner who successfully undertakes an independent research project (∃x (IndependentProject(x))). From premise 8, if there is a learner in a specialized computer science course, then conducting an independent research project leads to earning an academic distinction (∃x (SpecializedCourse(x)) → (∀y (IndependentProject(y) → AcademicDistinction(y)))). Since premise 1 states that there exists such a learner, and premise 5 states there exists someone who conducts an independent research project, the condition in premise 8's antecedent is satisfied. Therefore, if there is a specialized computer science learner, then an independent research project leads to an academic distinction (option D)."
279,1,được sửa đổi,No,Yes,explanation supports Yes,"If there is at least one learner who successfully undertakes an independent research project, does it follow that if there is a specialized computer science learner, then an independent research project leads to an academic distinction?","From premise 1 (There is at least one student enrolled in a specialized computer science course), we know ∃x (SpecializedCourse(x)). From premise 5, there is at least one learner who successfully undertakes an independent research project (∃x (IndependentProject(x))). From premise 8, if there is a learner in a specialized computer science course, then conducting an independent research project leads to earning an academic distinction (∃x (SpecializedCourse(x)) → (∀y (IndependentProject(y) → AcademicDistinction(y)))). Since premise 1 states that there exists such a learner, and premise 5 states there exists someone who conducts an independent research project, the condition in premise 8's antecedent is satisfied. Therefore, if there is at least one learner who successfully undertakes an independent research project, it follows that if there is a specialized computer science learner, then an independent research project leads to an academic distinction."
280,0,được sửa đổi,Unknown,A,explanation supports A,"Based on the above premises, which statement can be inferred if we know that everyone in the program regularly attends lectures?
A. If not attending lectures regularly results in not receiving top grades, then submitting all assignments on time leads to passing with distinction.
B. It is not the case that if not attending lectures regularly results in not receiving top grades, then submitting all assignments on time leads to passing with distinction.
C. Both the statement that 'not attending lectures regularly results in not receiving top grades implies submitting assignments on time leads to passing with distinction' and its negation are simultaneously true.
D. The statement 'if not attending lectures regularly results in not receiving top grades, then submitting all assignments on time leads to passing with distinction' implies itself.","From premise 5 (Everyone in the program regularly attends lectures), we know ∀x (AttendsLectures(x)). From premise 7, if submitting all assignments on time leads to passing with distinction, then not attending lectures regularly results in not receiving top grades ((∀x (SubmitsOnTime(x) → PassesWithDistinction(x))) → (∀x (¬AttendsLectures(x) → ¬TopGrades(x)))). Since premise 5 states that everyone attends lectures, the condition ¬AttendsLectures(x) is always false, making the implication ∀x (¬AttendsLectures(x) → ¬TopGrades(x)) always true. Therefore, premise 7's consequent is always true, so the antecedent must be true. From premise 8, if not attending lectures regularly results in not receiving top grades, then submitting all assignments on time leads to passing with distinction ((∀x (¬AttendsLectures(x) → ¬TopGrades(x))) → (∀x (SubmitsOnTime(x) → PassesWithDistinction(x)))). Since premise 7's consequent is true, and premise 8's antecedent is true due to premise 7, premise 8's consequent must be true. Therefore, if not attending lectures regularly results in not receiving top grades, then submitting all assignments on time leads to passing with distinction (option A)."
281,0,được sửa đổi,Unknown,D,explanation supports D,"Based on the above premises, which statement can be inferred if we know that there exists at least one teaching assistant in the computer science department?
A. It is not the case that if there exists a research participant, then if the existence of research participants implies non-submitters don't receive honors, there must be a teaching assistant.
B. If it's true that the existence of research participants implies that when research participants exist, non-submitters don't get honors leads to teaching assistants existing, then it's the same statement repeated again.
C. Both the statement that if research participants exist then there being research participants implying non-submitters don't get honors leads to teaching assistants existing and its negation are simultaneously true.
D. If there exists a research participant, then if the existence of research participants implies non-submitters don't receive honors, there must be a teaching assistant.","From premise 1 (There exists at least one teaching assistant in the computer science department), we know ∃x (TeachingAssistant(x)). From premise 7, if the existence of research project participants implies that non-submitters don't receive honors, then there exists a teaching assistant ((∃x (ResearchParticipant(x)) → ∀y (¬SubmitsAssignments(y) → ¬ReceivesHonors(y))) → ∃z (TeachingAssistant(z))). Since premise 1 states that there exists a teaching assistant, premise 7's consequent is true, so the antecedent must be true. From premise 8, if there exists a research participant, then if the existence of research participants implies non-submitters don't receive honors, there must be a teaching assistant (∃x (ResearchParticipant(x)) → ((∃y (ResearchParticipant(y)) → ∀z (¬SubmitsAssignments(z) → ¬ReceivesHonors(z))) → ∃w (TeachingAssistant(w)))). Since premise 7's antecedent is true, and premise 8's antecedent is true due to premise 2 (There exists at least one student who participates in research projects), premise 8's consequent must be true. Therefore, if there exists a research participant, then if the existence of research participants implies non-submitters don't receive honors, there must be a teaching assistant (option D)."
281,1,được sửa đổi,No,Yes,explanation supports Yes,"If there exists at least one teaching assistant in the computer science department, does it follow that if there exists a student who participates in research projects, then it is true that students who don't submit all assignments won't receive academic honors?","From premise 1 (There exists at least one teaching assistant in the computer science department), we know ∃x (TeachingAssistant(x)). From premise 6, if there exists a student who participates in research projects, then it is true that students who don't submit all assignments won't receive academic honors (∃x (ResearchParticipant(x)) → ∀y (¬SubmitsAssignments(y) → ¬ReceivesHonors(y))). From premise 7, if the existence of research project participants implies that non-submitters don't receive honors, then there exists a teaching assistant ((∃x (ResearchParticipant(x)) → ∀y (¬SubmitsAssignments(y) → ¬ReceivesHonors(y))) → ∃z (TeachingAssistant(z))). Since premise 1 states that there exists a teaching assistant, premise 7's consequent is true, so the antecedent must be true. Therefore, if there exists at least one teaching assistant in the computer science department, it follows that if there exists a student who participates in research projects, then it is true that students who don't submit all assignments won't receive academic honors."
282,0,được sửa đổi,Unknown,D,explanation supports D,"Based on the above premises, which statement can be inferred if we know that all students contribute to open-source projects?
A. If contributing to open-source enhances portfolios implies that all bootcamp participants completing exercises develops coding skills implies itself.
B. It is not the case that contributing to open-source projects enhancing portfolios means bootcamp participation develops coding skills.
C. Both the statement about open-source contributions enhancing portfolios leading to bootcamp exercise completion developing coding skills and its negation are simultaneously true.
D. If contributing to open-source projects enhances portfolios, then if all bootcamp participants complete daily exercises, this develops practical coding skills.","From premise 9 (All students contribute to open-source projects), we know ∀x (ContributesToOpenSource(x)). From premise 3, if a student contributes to open-source projects, then they enhance their professional portfolio (∀x (ContributesToOpenSource(x) → EnhancesPortfolio(x))). Since premise 9 states this is true for all students, premise 3's antecedent is true, so the consequent must be true. From premise 8, if contributing to open-source enhances portfolios, then when all bootcamp participants complete daily exercises, this develops practical coding skills (∀x (ContributesToOpenSource(x) → EnhancesPortfolio(x)) → (∀x (BootcampParticipant(x) → CompletesExercises(x)) → ∀x (CompletesExercises(x) → DevelopsCodingSkills(x)))). Since premise 3's consequent is true, and premise 1 states that all bootcamp participants complete daily exercises (∀x (BootcampParticipant(x) → CompletesExercises(x))), premise 8's antecedent is true, so the consequent must be true. Therefore, if contributing to open-source projects enhances portfolios, then if all bootcamp participants complete daily exercises, this develops practical coding skills (option D)."
283,0,được sửa đổi,Unknown,C,explanation supports C,"Based on the above premises, which statement can be inferred if we know that all students submit all required assignments?
A. If all students submitting assignments implies that an educational technology lab existing means students participate in collaborative learning implies itself.
B. Both the statement that all students submitting assignments means tech labs lead to collaborative learning and its negation are simultaneously true.
C. If all students submit required assignments, then if there exists an educational technology laboratory, all students take part in collaborative learning activities.
D. It is not the case that all students submitting assignments implies that tech labs lead to collaborative learning.","From premise 5 (All students submit all required assignments), we know ∀x (Student(x) → SubmitsAssignments(x)). From premise 6, if there exists an educational technology laboratory on campus, then all students take part in collaborative learning activities (∃x (EducationalTechLab(x)) → ∀y (Student(y) → ParticipatesToCollaborativeLearning(y))). From premise 8, if all students submit required assignments, then if there exists an educational technology laboratory, all students take part in collaborative learning activities (∀x (Student(x) → SubmitsAssignments(x)) → (∃y (EducationalTechLab(y)) → ∀z (Student(z) → ParticipatesToCollaborativeLearning(z)))). Since premise 5 states that all students submit assignments, premise 8's antecedent is true, so the consequent must be true. Therefore, if all students submit required assignments, then if there exists an educational technology laboratory, all students take part in collaborative learning activities (option C)."
283,1,được sửa đổi,No,Yes,explanation supports Yes,"If all students submit all required assignments, does it follow that if there exists an educational technology laboratory, all students take part in collaborative learning activities?","From premise 5 (All students submit all required assignments), we know ∀x (Student(x) → SubmitsAssignments(x)). From premise 6, if there exists an educational technology laboratory on campus, then all students take part in collaborative learning activities (∃x (EducationalTechLab(x)) → ∀y (Student(y) → ParticipatesToCollaborativeLearning(y))). From premise 8, if all students submit required assignments, then if there exists an educational technology laboratory, all students take part in collaborative learning activities (∀x (Student(x) → SubmitsAssignments(x)) → (∃y (EducationalTechLab(y)) → ∀z (Student(z) → ParticipatesToCollaborativeLearning(z)))). Since premise 5 states that all students submit assignments, premise 8's antecedent is true, so the consequent must be true. Therefore, if all students submit all required assignments, it follows that if there exists an educational technology laboratory, all students take part in collaborative learning activities."
284,0,được sửa đổi,Unknown,A,explanation supports A,"Based on the above premises, which statement can be inferred if we know that there exists at least one student who qualifies for the honors program?
A. If qualifying for honors means participating in group projects, then if participating in projects means receiving feedback, all students participate in projects.
B. The statement 'if qualifying for honors means participating in group projects, then if participating in projects means receiving feedback, all students participate in projects' implies itself.
C. Both the statement 'if qualifying for honors means participating in group projects implies that participating in projects means receiving feedback leads to universal participation' and its negation are simultaneously true.
D. It is not the case that qualifying for honors meaning participation in group projects implies that participation meaning feedback receipt leads to universal project participation.","From premise 3 (There exists at least one student who qualifies for the honors program), we know ∃x (QualifiesForHonors(x)). From premise 4, if a student qualifies for the honors program, then that student participates in group projects (∀x (QualifiesForHonors(x) → ParticipatesInProjects(x))). Since premise 3 states that there exists such a student, premise 4's antecedent is true, so the consequent must be true for at least one student. From premise 8, if qualifying for honors means participating in group projects, then if participating in projects means receiving feedback, all students participate in projects (∀x (QualifiesForHonors(x) → ParticipatesInProjects(x)) → (∀x (ParticipatesInProjects(x) → ReceivesFeedback(x)) → ∀x (ParticipatesInProjects(x)))). Since premise 4 states the antecedent is true, and premise 5 states that if a student participates in group projects, then that student receives constructive feedback (∀x (ParticipatesInProjects(x) → ReceivesFeedback(x))), premise 8's antecedent is true, so the consequent must be true. Therefore, if qualifying for honors means participating in group projects, then if participating in projects means receiving feedback, all students participate in projects (option A)."
284,1,được sửa đổi,No,Yes,explanation supports Yes,"If there exists at least one student who qualifies for the honors program, does it follow that if participating in group projects means receiving constructive feedback, then all students participate in group projects?","From premise 3 (There exists at least one student who qualifies for the honors program), we know ∃x (QualifiesForHonors(x)). From premise 4, if a student qualifies for the honors program, then that student participates in group projects (∀x (QualifiesForHonors(x) → ParticipatesInProjects(x))). Since premise 3 states that there exists such a student, premise 4's antecedent is true, so the consequent must be true for at least one student. From premise 2, all students participate in group projects (∀x (ParticipatesInProjects(x))). From premise 6, if participating in group projects means receiving constructive feedback, then all students participate in group projects (∀x (ParticipatesInProjects(x) → ReceivesFeedback(x)) → ∀x (ParticipatesInProjects(x))). Since premise 2 states that all students participate in group projects, premise 6's consequent is true, so the antecedent must be true. From premise 5, if a student participates in group projects, then that student receives constructive feedback (∀x (ParticipatesInProjects(x) → ReceivesFeedback(x))). Since premise 2 states all students participate in projects, and premise 5 states the implication, premise 6's antecedent is true. Therefore, if there exists at least one student who qualifies for the honors program, it follows that if participating in group projects means receiving constructive feedback, then all students participate in group projects."
285,0,được sửa đổi,Unknown,D,explanation supports D,"Based on the above premises, which statement can be inferred if we know that all students take final examinations?
A. Both the statement that all students qualifying for graduation implies all programs use digital resources and its negation are simultaneously true.
B. It is not the case that all students qualifying for graduation implies all educational programs use digital resources.
C. The statement that all students qualifying for graduation implies all programs use digital resources implies itself.
D. If all students qualify for graduation, then all educational programs use digital resources.","From premise 9 (All students take final examinations), we know ∀x (Student(x) → TakesFinalExams(x)). From premise 4, all students qualify for graduation (∀x (Student(x) → QualifiesForGraduation(x))). From premise 8, if all students qualify for graduation, then all educational programs use digital resources (∀x (Student(x) → QualifiesForGraduation(x)) → ∀y (EducationalProgram(y) → UsesDigitalResources(y))). Since premise 4 states that all students qualify for graduation, premise 8's antecedent is true, so the consequent must be true. Therefore, if all students qualify for graduation, then all educational programs use digital resources (option D)."
285,1,được sửa đổi,No,Yes,explanation supports Yes,"If all students take final examinations, does it follow that if there is a research program at the university, then there is at least one student who takes final examinations?","From premise 9 (All students take final examinations), we know ∀x (Student(x) → TakesFinalExams(x)). From premise 1, there exists at least one research program at the university (∃x (ResearchProgram(x))). From premise 5, there exists at least one student who takes final examinations (∃x (Student(x) ∧ TakesFinalExams(x))). From premise 6, if there is a research program at the university, then there is at least one student who takes final examinations (∃x (ResearchProgram(x)) → ∃y (Student(y) ∧ TakesFinalExams(y))). Since premise 1 states that there exists a research program, premise 6's antecedent is true, so the consequent must be true. Since premise 9 states that all students take final examinations, there must be at least one student who takes final examinations. Therefore, if all students take final examinations, it follows that if there is a research program at the university, then there is at least one student who takes final examinations."
286,0,được sửa đổi,Unknown,B,explanation supports B,"Based on the above premises, which statement can be inferred if we know that all computer science students are skilled in software development?
A. The statement 'if software development skills implying professional application production implies regular coding practice leads to software development skills' implies itself.
B. If having software development skills meaning capable of producing professional applications implies that regular coding practice leads to software skill, then the reverse implication also holds.
C. It is not the case that software development skills implying professional application capability implies that coding practice leads to software development skills.
D. Both the statement about software skills implying application capability leading to coding practice implying software skills and its negation are simultaneously true.","From premise 1 (All computer science students are skilled in software development), we know ∀x (ComputerScienceStudent(x) → SkilledInSoftwareDev(x)). From premise 7, if all students are skilled in software development, then having software development skills means being able to produce professional applications (∀x (ComputerScienceStudent(x) → SkilledInSoftwareDev(x)) → ∀x (SkilledInSoftwareDev(x) → ProducesProfessionalApps(x))). Since premise 1 states that all computer science students are skilled in software development, premise 7's antecedent is true, so the consequent must be true. From premise 8, if having software development skills meaning capable of producing professional applications implies that regular coding practice leads to software skill, then the reverse implication also holds ((∀x (ComputerScienceStudent(x) → SkilledInSoftwareDev(x)) → ∀x (SkilledInSoftwareDev(x) → ProducesProfessionalApps(x))) → (∀x (ComputerScienceStudent(x) → PracticesCoding(x)) → ∀x (PracticesCoding(x) → SkilledInSoftwareDev(x)))). Since premise 7's consequent is true, and premise 4 states that all computer science students regularly practice coding (∀x (ComputerScienceStudent(x) → PracticesCoding(x))), premise 8's antecedent is true, so the consequent must be true. Therefore, if having software development skills meaning capable of producing professional applications implies that regular coding practice leads to software skill, then the reverse implication also holds (option B)."
286,1,được sửa đổi,No,Yes,explanation supports Yes,"If all computer science students are skilled in software development, does it follow that if having software development skills meaning capable of producing professional applications implies that regular coding practice leads to software skill, then the reverse implication also holds?","From premise 1 (All computer science students are skilled in software development), we know ∀x (ComputerScienceStudent(x) → SkilledInSoftwareDev(x)). From premise 7, if all students are skilled in software development, then having software development skills means being able to produce professional applications (∀x (ComputerScienceStudent(x) → SkilledInSoftwareDev(x)) → ∀x (SkilledInSoftwareDev(x) → ProducesProfessionalApps(x))). Since premise 1 states that all computer science students are skilled in software development, premise 7's antecedent is true, so the consequent must be true. From premise 8, if having software development skills meaning capable of producing professional applications implies that regular coding practice leads to software skill, then the reverse implication also holds ((∀x (ComputerScienceStudent(x) → SkilledInSoftwareDev(x)) → ∀x (SkilledInSoftwareDev(x) → ProducesProfessionalApps(x))) → (∀x (ComputerScienceStudent(x) → PracticesCoding(x)) → ∀x (PracticesCoding(x) → SkilledInSoftwareDev(x)))). Since premise 7's consequent is true, and premise 4 states that all computer science students regularly practice coding (∀x (ComputerScienceStudent(x) → PracticesCoding(x))), premise 8's antecedent is true, so the consequent must be true. Therefore, if all computer science students are skilled in software development, it follows that if having software development skills meaning capable of producing professional applications implies that regular coding practice leads to software skill, then the reverse implication also holds."
287,0,được sửa đổi,Unknown,D,explanation supports D,"Based on the above premises, which statement can be inferred if we know that there exists at least one student who graduates on time?
A. The statement 'if all students take required courses, then at least one student graduates on time' implies itself.
B. It is not the case that all students taking required courses implies at least one student graduates on time.
C. Both the statement that all students taking required courses implies someone graduates on time and its negation are simultaneously true.
D. If all university students take required core curriculum courses, then there exists at least one student who graduates on time.","From premise 1 (There exists at least one student who graduates on time), we know ∃x (GraduatesOnTime(x)). From premise 2, all university students take required core curriculum courses (∀x (TakesRequiredCourses(x))). From premise 8, if all university students take required core curriculum courses, then there exists at least one student who graduates on time (∀x (TakesRequiredCourses(x)) → ∃x (GraduatesOnTime(x))). Since premise 2 states that all students take required courses, premise 8's antecedent is true, so the consequent must be true. Therefore, if all university students take required core curriculum courses, then there exists at least one student who graduates on time (option D)."
287,1,được sửa đổi,No,Yes,explanation supports Yes,"If there exists at least one student who graduates on time, does it follow that if a student doesn't understand foundational concepts, then that student won't graduate on time?","From premise 1 (There exists at least one student who graduates on time), we know ∃x (GraduatesOnTime(x)). From premise 3, if a student doesn't understand foundational concepts, then that student won't graduate on time (∀x (¬UnderstandsFoundations(x) → ¬GraduatesOnTime(x))). From premise 6, if it's true that not understanding foundational concepts prevents graduating on time, then all university students take required core curriculum courses (∀x (¬UnderstandsFoundations(x) → ¬GraduatesOnTime(x)) → ∀x (TakesRequiredCourses(x))). Since premise 3 states the implication, and premise 1 states that there exists a student who graduates on time, premise 6's antecedent must be true, so the consequent must be true. Therefore, if there exists at least one student who graduates on time, it follows that if a student doesn't understand foundational concepts, then that student won't graduate on time."
288,0,được sửa đổi,Unknown,C,explanation supports C,"Based on the above premises, which statement can be inferred if we know that there exists at least one student who has completed an immersion program?
A. The necessary connection between native speaker engagement, immersion program completion, and conversational fluency is logically inconsistent.
B. It is not the case that failure to engage with native speakers preventing immersion program completion implies completing immersion programs develops conversational fluency.
C. If not engaging with native speakers prevents completing immersion programs, then completing immersion programs leads to achieving conversational fluency.
D. Language students who engage with native speakers both do and do not achieve conversational fluency through immersion programs.","From premise 10 (There exists at least one student who has completed an immersion program), we know ∃x (CompletesImmersionProgram(x)). From premise 2, if a student doesn't engage with native speakers, then that student cannot complete immersion programs effectively (∀x (¬EngagesWithNativeSpeakers(x) → ¬CompletesImmersionProgram(x))). From premise 8, if not engaging with native speakers prevents completing immersion programs, then completing immersion programs leads to achieving conversational fluency (∀x (¬EngagesWithNativeSpeakers(x) → ¬CompletesImmersionProgram(x)) → ∀y (CompletesImmersionProgram(y) → AchievesConversationalFluency(y))). Since premise 2 states the implication, and premise 10 states that there exists a student who has completed an immersion program, premise 8's antecedent must be true, so the consequent must be true. Therefore, if not engaging with native speakers prevents completing immersion programs, then completing immersion programs leads to achieving conversational fluency (option C)."
289,0,được sửa đổi,A,B,explanation supports B,"Based on the above premises, which statement can be inferred if we know that there exists at least one student who utilizes online learning resources?
A. The statement that online resource utilization implying team project participation leads to universal online resource utilization implies itself.
B. If it's true that the existence of a student utilizing online resources implies all students take part in team projects, then all students utilize online learning resources.
C. Both the statement that students utilizing online resources implying team project participation leads to universal online resource utilization and its negation are simultaneously true.
D. It is not the case that online resource utilization implying team project participation leads to universal online resource utilization.","From premise 5 (There exists at least one student who utilizes online learning resources), we know ∃x (UtilizesOnlineResources(x)). From premise 6, if there exists a student who utilizes online learning resources, then all students take part in team projects (∃x (UtilizesOnlineResources(x)) → ∀x (TakesPartInTeamProjects(x))). Since premise 5 states that there exists such a student, premise 6's antecedent is true, so the consequent must be true. From premise 8, if it's true that the existence of a student utilizing online resources implies all students take part in team projects, then all students utilize online learning resources ((∃x (UtilizesOnlineResources(x)) → ∀x (TakesPartInTeamProjects(x))) → ∀x (UtilizesOnlineResources(x))). Since premise 6's antecedent is true, and premise 6's consequent is true, premise 8's antecedent is true, so the consequent must be true. Therefore, if it's true that the existence of a student utilizing online resources implies all students take part in team projects, then all students utilize online learning resources (option B)."
290,0,được sửa đổi,Unknown,B,explanation supports B,"Based on the above premises, which statement can be inferred if we know that there exists at least one student who qualifies for honors distinction?
A. It is not the case that thesis-incorporating programs being research-based implies the existence of students qualifying for honors distinction.
B. If programs incorporating thesis requirements are research-based, then there exists a student who qualifies for honors distinction.
C. Both the statement that thesis-requiring programs being research-based implies honors-qualifying students exist and its negation are simultaneously true.
D. The statement that thesis-incorporating programs being research-based implies honors-qualifying students exist implies itself.","From premise 2 (There exists at least one student who qualifies for honors distinction), we know ∃x (QualifiesForHonors(x)). From premise 5, if a program incorporates thesis requirements, then it is research-based (∀x (IncorporatesThesis(x) → ResearchBasedProgram(x))). From premise 8, if programs incorporating thesis requirements are research-based, then there exists a student who qualifies for honors distinction (∀x (IncorporatesThesis(x) → ResearchBasedProgram(x)) → ∃x (QualifiesForHonors(x))). Since premise 2 states that there exists such a student, premise 8's consequent is true, so the antecedent must be true. Therefore, if programs incorporating thesis requirements are research-based, then there exists a student who qualifies for honors distinction (option B)."
290,1,được sửa đổi,No,Yes,explanation supports Yes,"If there exists at least one student who qualifies for honors distinction, does it follow that if a program incorporates thesis requirements, then it is research-based?","From premise 2 (There exists at least one student who qualifies for honors distinction), we know ∃x (QualifiesForHonors(x)). From premise 5, if a program incorporates thesis requirements, then it is research-based (∀x (IncorporatesThesis(x) → ResearchBasedProgram(x))). From premise 8, if programs incorporating thesis requirements are research-based, then there exists a student who qualifies for honors distinction (∀x (IncorporatesThesis(x) → ResearchBasedProgram(x)) → ∃x (QualifiesForHonors(x))). Since premise 2 states that there exists such a student, premise 8's consequent is true, so the antecedent must be true. Therefore, if there exists at least one student who qualifies for honors distinction, it follows that if a program incorporates thesis requirements, then it is research-based."
291,0,được sửa đổi,Unknown,C,explanation supports C,"Based on the above premises, which statement can be inferred if we know that there exists at least one student who earns language certification?
A. The given implication is self-implying.
B. Both the statement and its negation are true.
C. If not practicing with natives implies not completing immersion, then certification implies exchange qualification.
D. The given implication is false.","From premise 4 (There exists at least one student who earns language certification), we know ∃x (EarnsCertification(x)). From premise 3, if a student earns language certification, then that student qualifies for international exchange programs (∀x (EarnsCertification(x) → QualifiesForExchange(x))). From premise 8, if not practicing with natives implies not completing immersion, then certification implies exchange qualification (∀x (¬PracticesWithNatives(x) → ¬CompletesImmersion(x)) → ∀x (EarnsCertification(x) → QualifiesForExchange(x))). Since premise 3 states the implication, and premise 4 states that there exists such a student, premise 8's consequent must be true. Therefore, if not practicing with natives implies not completing immersion, then certification implies exchange qualification (option C)."
291,1,được sửa đổi,No,Yes,explanation supports Yes,"If there exists at least one student who earns language certification, does it follow that there exists at least one student who earns language certification?","From premise 4 (There exists at least one student who earns language certification), we know ∃x (EarnsCertification(x)). Since premise 4 directly states the existence of such a student, it follows that if there exists at least one student who earns language certification, then there exists at least one student who earns language certification."
292,0,được sửa đổi,Unknown,A,explanation supports A,"What can we figure out about students?
A. At least one student can borrow library books
B. Every student is enrolled in an advanced course
C. Some students don’t pay tuition fees
D. All students have finished their graduation requirements","There’s at least one student enrolled in a course (premise 1), and enrolled students get library access (premise 3). Plus, if all students have library access, they can borrow books (premise 6). So, at least one student can borrow books, figured out with a few steps."
292,1,được sửa đổi,No,Yes,explanation supports Yes,Can we say that every enrolled student has access to the university library?,"We know there’s an enrolled student (premise 1), and every enrolled student has library access (premise 3). That makes the statement true after a couple of steps."
293,1,được sửa đổi,No,Yes,explanation supports Yes,Can students with excessive competition mitigate stress through self-reflection?,"Premise 2 states that excessive competition causes stress, and premise 9 says self-reflection mitigates negative competition effects. Assuming stress is a negative effect, self-reflection can mitigate stress for students facing excessive competition."
294,1,được sửa đổi,No,Yes,explanation supports Yes,Do well-structured curricula improve learning outcomes?,"Premise 5 states that well-structured curricula lead to better learning outcomes, and premise 10 suggests innovative schools likely use such curricula. Thus, well-structured curricula improve learning outcomes."
295,1,được sửa đổi,No,Yes,explanation supports Yes,Do modern facilities enhance learning environments?,"Premise 7 states that modern facilities provide better learning environments, and premise 9 suggests well-funded schools have resources like modern facilities, supporting improved learning environments."
296,1,được sửa đổi,No,Yes,explanation supports Yes,Do students who practice excel in exams?,"Premise 4 implies that students who don’t struggle with problem-solving practice, and premise 2 states that regular study, which includes practice, leads to good exam performance. Thus, students who practice excel in exams."
297,1,được sửa đổi,No,Yes,explanation supports Yes,Do well-ranked universities improve student satisfaction?,"Premise 9 states that well-ranked universities have high student satisfaction, and premise 10 suggests some universities with advanced features like interdisciplinary studies are likely well-ranked, supporting improved student satisfaction."
298,1,được sửa đổi,No,Yes,explanation supports Yes,Can students avoid burnout by managing time effectively?,"Premise 7 states that lacking time management skills leads to burnout, implying good time management prevents it. Premise 9 suggests self-discipline fosters habits that include time management, so students managing time effectively avoid burnout."
299,1,được sửa đổi,No,Yes,explanation supports Yes,Can students with metacognitive skills avoid academic pressure’s negative effects?,"Premise 7 states that high academic pressure causes anxiety and reduced motivation, while premise 9 says metacognitive skills improve independent learning. If metacognitive skills help manage pressure, students can avoid negative effects like anxiety."
300,1,được sửa đổi,No,Yes,explanation supports Yes,Can students with open-ended projects avoid rigid curriculum struggles?,"Premise 5 states that rigid curricula cause struggles with personal interests, while premise 6 says open-ended projects enhance creativity. If open-ended projects allow exploration, students can avoid rigid curriculum struggles."
301,1,được sửa đổi,No,Yes,explanation supports Yes,Can students in flexible learning environments improve decision-making?,"Premise 5 states that flexible learning environments improve adaptation, and premise 3 says leadership roles enhance decision-making. If flexible environments enable leadership activities, students can improve decision-making."
302,1,được sửa đổi,No,Yes,explanation supports Yes,Can students in problem-based learning improve self-learning?,"Premise 1 states that problem-based learning develops analytical skills, and premise 7 says metacognitive strategies improve self-learning. If analytical skills involve metacognition, students in problem-based learning can improve self-learning."
303,0,được sửa đổi,Unknown,C,explanation supports C,"Based on the above premises, which statement can be inferred?
A. All students install the software.
B. All students update the software.
C. There exists a student with access to the latest features.
D. All students’ software is secure.","There exists a student with access to the latest features because at least one student installs the software from the university’s repository, and installing the software implies having access to the latest features."
303,1,được sửa đổi,No,Yes,explanation supports Yes,"Based on the above premises, is the statement true?
Statement: (Exists(x, InstallsSoftware(x)) → (¬UpdatesSoftware(x) → ¬SecureSoftware(x)))","The statement is true because not updating the software implies it is not secure, and since at least one student installs the software, the implication holds."
304,0,được sửa đổi,Unknown,C,explanation supports C,"Based on the above premises, which statement can be inferred?
A. There exists a student who is not enrolled.
B. There exists a student who does not complete assignments.
C. All students attend lectures.
D. There exists a student who does not study consistently.","All students attend lectures because all students complete their assignments, and not attending lectures implies not completing assignments."
304,1,được sửa đổi,No,Yes,explanation supports Yes,"Based on the above premises, is the statement true?
Statement: (¬AttendsLectures(x) → ¬CompletesAssignments(x))","The statement is true because it is explicitly stated that if a student does not attend lectures, they do not complete assignments."
305,0,được sửa đổi,Unknown,C,explanation supports C,"Based on the above premises, which statement can be inferred?
A. All books are available.
B. There exists a book that is not cataloged.
C. There exists a book that is returned.
D. All books are borrowable.","There exists a book that is returned because at least one book is available, and if a book is not returned, it is not available, implying that an available book must be returned."
306,0,được sửa đổi,Unknown,C,explanation supports C,"Based on the above premises, which statement can be inferred?
A. There exists a student who has not mastered Calculus.
B. There exists a student who does not practice exercises.
C. All students attend lectures.
D. There exists a student who does not perform well in exams.","All students attend lectures because all students practice exercises, and not attending lectures implies not practicing exercises."
306,1,được sửa đổi,No,Yes,explanation supports Yes,"Based on the above premises, is the statement true?
Statement: (PracticeExercises(x) → PerformWell(x))","The statement is true because it is explicitly stated that if a student practices exercises, they will perform well in exams."
307,0,được sửa đổi,Unknown,C,explanation supports C,"Based on the above premises, which statement can be inferred?
A. There exists a student who does not pass the test.
B. There exists a student who does not submit assignments.
C. There exists a student who attends lectures.
D. Every student completes the project.","There exists a student who attends lectures because at least one student participates in discussions, and participating in discussions implies attending lectures."
308,0,được sửa đổi,Unknown,C,explanation supports C,"Based on the above premises, which statement can be inferred?
A. Every student attends office hours.
B. There exists a student with no good chance to pass the exam.
C. There exists a student likely to pass the exam.
D. Every student participates in a study group.","There exists a student likely to pass the exam because at least one student attends office hours, and attending office hours implies being likely to pass the exam."
308,1,được sửa đổi,No,Unknown,explanation supports Unknown,"Based on the above premises, is the statement true?
Statement: Exists(x, ParticipatesInStudyGroup(x))","The statement is not necessarily true because, while not every student participates in a study group, no premise confirms that at least one student does participate."
309,0,được sửa đổi,Unknown,C,explanation supports C,"Based on the above premises, which statement can be inferred?
A. There exists a script without error handling.
B. There exists a program that does not produce reliable outputs.
C. All Python programs are optimized.
D. There exists a program that does not follow best practices.","All Python programs are optimized because all programs produce reliable outputs, and producing reliable outputs implies being optimized."
309,1,được sửa đổi,No,Yes,explanation supports Yes,"Based on the above premises, is the statement true?
Statement: ForAll(x, (PythonScript(x) → HasErrorHandling(x)))",The statement is true because it is explicitly stated that all Python scripts have error handling.
310,0,được sửa đổi,Unknown,B,explanation supports B,"Based on the above premises, which statement can be inferred?
A. There exists a function that is not differentiable.
B. There exists a function that satisfies the Intermediate Value Theorem.
C. All functions are integrable.
D. There exists a function that is not continuous.","There exists a function that satisfies the Intermediate Value Theorem because there exists at least one polynomial function, all polynomials are differentiable, differentiable functions are continuous, and continuous functions satisfy the Intermediate Value Theorem."
310,1,được sửa đổi,No,Yes,explanation supports Yes,"Based on the above premises, is the statement true?
Statement: Exists(x, Differentiable(x))",The statement is true because it is explicitly stated that there exists at least one differentiable function.
311,0,được sửa đổi,Unknown,B,explanation supports B,"Based on the above premises, which statement can be inferred?
A. There exists a student not attending the course.
B. There exists a student who passes the course.
C. All students attend lectures regularly.
D. There exists a student not completing assignments.","There exists a student who passes the course because at least one student attends lectures regularly, and attending lectures regularly implies passing the course."
311,1,được sửa đổi,No,Yes,explanation supports Yes,"Based on the above premises, is the statement true?
Statement: Exists(x, CompletingAssignments(x))",The statement is true because it is explicitly stated that there exists a student completing assignments.
312,1,được sửa đổi,No,Yes,explanation supports Yes,"Based on the above premises, is the statement true?
Statement: Frieren must register for the BKA program.","Premise 4 states Frieren cannot pay the tutor fee, and premise 2 states she cannot delay it as an OISP student. Premise 3 requires one of paying, delaying, or BKA registration. Thus, Frieren must register for BKA, making the statement true."
313,1,được sửa đổi,No,Yes,explanation supports Yes,Did Sarifi avoid failing by not being absent?,"Premise 4 states Sarifi didn’t fail, and premise 1 implies she wasn’t absent. Premise 2, with no ID from premise 4, indicates she brought a verification paper, ensuring she wasn’t absent, thus avoiding failure."
314,1,được sửa đổi,No,Yes,explanation supports Yes,Did Mia pass due to not helping others?,"Premise 6 states Mia did well, and premise 3 says doing well without helping others leads to passing, which matches premise 7’s outcome, suggesting Mia passed without helping others."
315,1,được sửa đổi,No,Yes,explanation supports Yes,Did Mia rely on her own performance to pass?,"Premise 6 states Mia did well, and premise 3 indicates that doing well without helping others leads to passing, suggesting Mia relied on her own performance rather than help from others."
318,1,được sửa đổi,Yes,Unknown,explanation supports Unknown,Will Ponko fail the class?,"Premise 4 states Ponko missed a class, premise 3 shows no exam pass guarantee, and premises 1 and 2 tie failure to quizzes or exam score, but without that info, failure isn’t certain."
319,1,được sửa đổi,No,Unknown,explanation supports Unknown,Did Dio pass by reading books?,"Premise 5 states Dio borrowed a book and passed, premise 1 confirms he got a book, but premise 2 requires hard work to read, which is uncertain, so passing via reading isn’t guaranteed."
321,1,được sửa đổi,No,Yes,explanation supports Yes,Do students guided by teachers contribute to society?,"Premise 4 ensures student enrollment, and premises 12–15 show that students guided by teachers gain knowledge, benefit from education, develop skills, and contribute to society, confirming the statement."
322,1,được sửa đổi,No,Yes,explanation supports Yes,Did Ruri gain experience from the assignment?,"Premise 7 shows Ruri passed, premise 1 implies no assignment F, premise 6 requires no harmony F, premise 5 implies harmony ability, and premise 4 confirms Ruri gained experience."
323,1,được sửa đổi,No,Yes,explanation supports Yes,Does Mia have motivation?,"Premise 8 shows Ludwig teaches Mia, premise 15 confirms her student status, premise 4 implies experience from knowledge-sharing, premise 6 leads to learning, premise 5 to improvement, premise 3 to motivation by someone, and premise 2 confirms Mia has motivation."
324,1,được sửa đổi,No,Yes,explanation supports Yes,Do all students gain knowledge?,"Premise 3 ensures students attend schools, premise 4 confirms schools provide education, and premise 5 links education to knowledge, so all students gain knowledge."
325,1,được sửa đổi,No,Yes,explanation supports Yes,Do students contribute to society?,"Premise 3 ensures students attend schools, premise 4 confirms education provision, premise 5 leads to knowledge, premise 10 to problem-solving, premise 11 to community improvement, and premise 12 to societal contribution, confirming students contribute to society."
326,1,được sửa đổi,Unknown,Yes,explanation supports Yes,How do supervised learning models function?,"Premise 2 states supervised learning uses labeled data, premise 5 classifies models, premise 6 says regression predicts continuous outputs, and premise 7 says classification predicts discrete labels, confirming supervised models predict outputs from labeled data."
327,1,được sửa đổi,Unknown,Yes,explanation supports Yes,What does the GROUP BY clause achieve in SQL queries?,"Premise 12 states GROUP BY groups rows, premise 3 indicates SQL queries include retrieval, and premise 4 links SELECT to querying, confirming GROUP BY groups rows for summaries in queries."
328,0,được sửa đổi,Unknown,D,explanation supports D,"Based on the above premises, which statement can be inferred?
A. If a student cannot apply concepts, they cannot engage in the learning process.
B. If a student does not engage, they do not understand the core concepts.
C. All students apply concepts.
D. There exists a student who does not apply concepts but engages in the learning process.","There exists a student who does not apply concepts but engages in the learning process because attending all classes ensures engagement, and no premise mandates that all students must apply concepts to engage."
329,0,drop,Unknown,,explanation ambiguous / multi-support / non-committal,"Based on the above premises, which statement can be inferred?
A. ∀x (U(x) → R(x))
B. ¬∀x (R(x) → U(x))
C. ∀x (Q(x) → R(x))
D. ¬∀x (U(x) → R(x))","The statement that if a student can apply knowledge in real-world contexts, they succeed in advanced coursework follows because applying knowledge implies advancing in education (premise 10), and not advancing implies not applying knowledge (premise 7)."
329,1,được sửa đổi,No,Yes,explanation supports Yes,"Based on the above premises, is the following statement true?
Statement: If a student does not meet academic standards, they will not be able to advance to further educational opportunities.","The statement that if a student does not meet academic standards, they will not advance to further educational opportunities is true because it is explicitly stated (premise 2)."
330,0,drop,Unknown,,explanation ambiguous / multi-support / non-committal,"Based on the above premises, which statement can be inferred?
A. ∀x (U(x) → S(x))
B. ¬∀x (U(x) → S(x))
C. ∀x (¬P(x) → ¬S(x))
D. ∀x (S(x) → ¬P(x))","The statement that if a student completes a prerequisite course, they are eligible for advanced coursework is true because it is explicitly stated (premise 1)."
330,1,được sửa đổi,No,Yes,explanation supports Yes,"Based on the above premises, is the following statement true?
Statement: If a student demonstrates competence in one subject, they are qualified to advance to a more challenging subject.","The statement that if a student demonstrates competence, they are qualified to advance is true because it is explicitly stated (premise 1)."
331,0,drop,Unknown,,explanation ambiguous / multi-support / non-committal,"Based on the above premises, which statement can be inferred?
A. ∀x (P(x) → S(x))
B. ¬∀x (P(x) → S(x))
C. ∀x (P(x) → ¬S(x))
D. ∀x (S(x) → ¬P(x))","The statement that if a student passes a course, they are eligible for advanced coursework is true because it is explicitly stated (premise 11)."
331,1,được sửa đổi,No,Yes,explanation supports Yes,"Based on the above premises, is the following statement true?
Statement: If a student demonstrates competence in one subject, they are qualified to advance to a more challenging subject.","The statement that if a student demonstrates competence, they are qualified to advance is true because it is explicitly stated (premise 1)."
332,0,drop,Unknown,,explanation ambiguous / multi-support / non-committal,"Based on the above premises, which statement can be inferred?
A. ∀x (R(x) → S(x))
B. ¬∀x (R(x) → S(x))
C. ∀x (R(x) → ¬S(x))
D. ∀x (S(x) → ¬R(x))","The statement that if a student attends the seminar, they complete the course successfully is true because it is explicitly stated (premise 3)."
333,0,được sửa đổi,Unknown,A,explanation supports A,"Based on the above premises, which statement can be inferred?
A. ∀x (¬S(x) → (¬P(x) ∧ ¬A(x)))
B. ∀x (L(x) → ¬C(x))
C. ∀x (¬S(x) → V(x))
D. ∀x (¬(T(x) → V(x)))","The statement that if an AI model lacks sufficient training data, it cannot predict or achieve high accuracy follows because insufficient data prevents high accuracy (premise 5) and predictions (premise 8)."
333,1,được sửa đổi,No,Yes,explanation supports Yes,"Based on the above premises, is the following statement true?
Statement: If an AI model is not trained, it cannot generalize to unseen data.","The statement that if an AI model is not trained, it cannot generalize to unseen data is true because it is explicitly stated (premise 13)."
334,0,được sửa đổi,Unknown,A,explanation supports A,"Based on the above premises, which statement can be inferred?
A. ∀x (B(x) → P2(x))
B. ∀x (G(x) → ¬V(x))
C. ∀x (F(x) → ¬D(x))
D. ∀x (T2(x) → ¬L2(x))","The statement that if a student builds a website, they use security measures to protect user data follows because building a website requires understanding web technologies (premise 1), which includes applying security measures (premise 16)."
334,1,được sửa đổi,No,Yes,explanation supports Yes,"Based on the above premises, is the following statement true?
Statement: A student who uses security measures will protect user data on their website.",The statement that a student who uses security measures will protect user data on their website is true because it is explicitly stated (premise 16).
335,0,được sửa đổi,Unknown,A,explanation supports A,"Based on the above premises, which statement can be inferred?
A. ∀x ((B(x) ∧ A(x) ∧ (S(x) ∨ T(x))) → (R(x) ∧ L(x)))
B. ∀x ((R2(x) ∧ T3(x)) → B3(x))
C. ∀x ((I(x) ∧ O(x)) → K(x))
D. ∀x (¬V(x) → ¬U(x))","The statement that if a student breaks down topics, uses active recall, and applies spaced repetition or testing, they retain information and achieve long-term retention follows because breaking down topics with active recall aids retention (premise 2), and spaced repetition or testing boosts long-term retention (premise 3)."
335,1,được sửa đổi,No,Yes,explanation supports Yes,"Based on the above premises, is the following statement true?
Statement: A student who manages their time and sets goals will study effectively.","The statement that a student who manages their time and sets goals will study effectively is true because effective study requires time management, goal-setting, and distraction elimination (premise 1)."
336,0,được sửa đổi,Unknown,A,explanation supports A,"Based on the premises above, which of the following statements can be logically concluded if we know that all students have passed the Philosophy prerequisite?
A. If all students pass Philosophy, all are admitted to the Honors program.
B. It is false that passing Philosophy guarantees Honors admission.
C. The statement 'If all pass Philosophy, all join Honors' is tautologically true.
D. The policy about Honors admission is contradictory.","From premise 5 (All students x have passed the Philosophy prerequisite (P)), we know ∀x P(x). From premise 17, if all students have passed Philosophy (P), then every student x is admitted to the University Honors program (U) (∀x P(x) → ∀x U(x)). Since premise 5 states that all students have passed Philosophy, premise 17's antecedent is true, so the consequent must be true. Therefore, if all students pass Philosophy, all are admitted to the Honors program (option A)."
337,0,được sửa đổi,A,C,explanation supports C,"Based on the university policies above, which conclusion is logically valid if we know that all students x have passed the Philosophy prerequisite?
A. The policy linking Thesis and Scholarships is contradictory.
B. The policy is both true and false.
C. The policy 'No Thesis → No Philosophy' implies 'Thesis → Scholarship'.
D. The policy is a tautology.","From premise 9 (All students x have passed the Philosophy prerequisite (P)), we know ∀x P(x). From premise 3, students x who haven't completed Thesis Writing (T) have not passed Philosophy (P) (∀x (¬T(x) → ¬P(x))). From premise 13, the policy 'No Thesis (¬T) → No Philosophy (¬P)' implies 'Thesis (T) → Scholarship (S)' (∀x (¬T(x) → ¬P(x)) → ∀x (T(x) → S(x))). Since premise 9 states that all students have passed Philosophy, premise 3's consequent is false, so the antecedent must be false. Therefore, premise 13's antecedent is true, so the consequent must be true. Therefore, the policy 'No Thesis → No Philosophy' implies 'Thesis → Scholarship' (option C)."
338,0,được sửa đổi,A,C,explanation supports C,"Based on the university policies, which conclusion is valid if we know that all students are required to complete a Thesis?
A. 'Mandatory Thesis implies Research grants' is a tautology.
B. The policy is contradictory.
C. Mandatory Thesis completion ensures at least one Research grant.
D. The policy is both true and false.","From premise 5 (All students are required to complete a Thesis), we know ∀x T(x). From premise 15, mandatory Thesis completion ensures at least one Research grant is awarded (∀x T(x) → ∃x R(x)). Since premise 5 states that all students complete a Thesis, premise 15's antecedent is true, so the consequent must be true. Therefore, mandatory Thesis completion ensures at least one Research grant (option C)."
339,0,được sửa đổi,Unknown,A,explanation supports A,"Based on university policies, which conclusion is valid if we know that there is at least one recipient of the Research grant?
A. Research grant availability ensuring universal housing.
B. The housing policy is contradictory.
C. The policy is a tautology.
D. Research grants do not guarantee housing.","From premise 4 (There is at least one recipient of the Research grant), we know ∃x R(x). From premise 14, research grant recipients qualify for University housing (∃x R(x) → ∃x U(x)). From premise 15, the policy linking Research grants to housing implies universal housing access ((∃x R(x) → ∃x U(x)) → ∀x U(x)). Since premise 4 states that there is at least one recipient of a Research grant, premise 14's antecedent is true, so the consequent must be true. Since premise 14's consequent is true, premise 15's antecedent is true, so the consequent must be true. Therefore, research grant availability ensuring universal housing (option A)."
339,1,được sửa đổi,No,Yes,explanation supports Yes,"If all students have completed their Thesis, does it follow that all students have University housing access?","From premise 12 (All students have completed their Thesis), we know ∀x T(x). From premise 17, housing access requires Thesis completion (∀x (U(x) → T(x))). From premise 9, every student is guaranteed University housing (∀x U(x)). Since premise 12 states that all students have completed their Thesis, premise 17's consequent is true, so the antecedent must be true. Therefore, if all students have completed their Thesis, it follows that all students have University housing access."
340,1,được sửa đổi,No,Yes,explanation supports Yes,"If all students are guaranteed University housing, does it follow that students without Scholarships are denied Research grants?","From premise 8 (All students are guaranteed University housing (U)), we know ∀x U(x). From premise 9, university housing (U) ensures Scholarship eligibility (S) (∀x (U(x) → S(x))). From premise 11, students without Scholarships (¬S) cannot receive Research grants (¬R) (∀x (¬S(x) → ¬R(x))). Since premise 8 states that all students have housing, premise 9's antecedent is true, so the consequent must be true. Therefore, all students have Scholarships. Since premise 11 states that students without Scholarships cannot receive Research grants, and all students have Scholarships, premise 11's antecedent is false, so the consequent is always true. Therefore, if all students are guaranteed University housing, it follows that students without Scholarships are denied Research grants."
341,0,được sửa đổi,Unknown,C,explanation supports C,"Based on university policies, which conclusion is valid if we know that all students are required to submit a Research project?
A. The Thesis-Research rule is a tautology.
B. The policy is contradictory.
C. The rule 'No Research → No Thesis' ensures Thesis completion.
D. The rule is both true and false.","From premise 2 (All students are required to submit a Research project), we know ∀x R(x). From premise 10, non-submission of Research projects blocks Thesis completion (∀x (¬R(x) → ¬T(x))). From premise 16, the rule 'No Research → No Thesis' guarantees Thesis completion (∀x (¬R(x) → ¬T(x)) → ∃x T(x)). Since premise 2 states that all students submit Research projects, premise 10's antecedent is false, so the consequent is always true. Therefore, premise 16's antecedent is true, so the consequent must be true. Therefore, the rule 'No Research → No Thesis' ensures Thesis completion (option C)."
341,1,được sửa đổi,No,Yes,explanation supports Yes,"If all students are required to submit a Research project, does it follow that Research project completion grants housing access?","From premise 2 (All students are required to submit a Research project), we know ∀x R(x). From premise 3, research project completion grants access to University housing (∀x (R(x) → U(x))). Since premise 2 states that all students submit Research projects, premise 3's antecedent is true, so the consequent must be true. Therefore, if all students are required to submit a Research project, it follows that Research project completion grants housing access."
342,0,được sửa đổi,A,B,explanation supports B,"Based on university policies, which conclusion is valid if we know that every student must submit a Research project?
A. The Research-Thesis policy is contradictory.
B. The Research-Thesis rule enforces Philosophy-Research compliance.
C. The policy is both true and false.
D. The rule is a tautology.","From premise 8 (Every student must submit a Research project), we know ∀x R(x). From premise 1, students who do not submit a Research project (¬R) cannot complete their Thesis (¬T) (∀x (¬R(x) → ¬T(x))). From premise 12, the Research-Thesis policy enforces Philosophy-Research compliance (∀x (¬R(x) → ¬T(x)) → ∀x (¬P(x) → ¬R(x))). Since premise 8 states that all students submit Research projects, premise 1's antecedent is false, so the consequent is always true. Therefore, premise 12's antecedent is true, so the consequent must be true. Therefore, the Research-Thesis rule enforces Philosophy-Research compliance (option B)."
342,1,được sửa đổi,No,Yes,explanation supports Yes,"If all students are guaranteed University housing, does it follow that passing Philosophy grants University housing access?","From premise 7 (All students are guaranteed University housing), we know ∀x U(x). From premise 6, passing Philosophy (P) guarantees University housing (U) (∀x (P(x) → U(x))). Since premise 7 states that all students have housing, premise 6's consequent is true, so the antecedent must be true. Therefore, if all students are guaranteed University housing, it follows that passing Philosophy grants University housing access."
343,0,được sửa đổi,Unknown,B,explanation supports B,"Based on university policies, which conclusion is valid if we know that all students are guaranteed University housing?
A. The housing-Scholarship policy is contradictory.
B. Universal housing ensures Scholarship-Thesis compliance under Quantum enrollment.
C. The policy is a tautology.
D. Housing and Quantum enrollment are unrelated.","From premise 3 (All students are guaranteed University housing (U)), we know ∀x U(x). From premise 6, every student is enrolled in Quantum Physics (Q) (∀x Q(x)). From premise 12, universal housing (∀U) guarantees Scholarship-Thesis compliance under Quantum enrollment (∀Q → ¬S→¬T) (∀x U(x) → (∀x Q(x) → ∀x (¬S(x) → ¬T(x)))). Since premise 3 states that all students have housing, premise 12's antecedent is true, so the consequent must be true. Since premise 6 states that all students are enrolled in Quantum Physics, the consequent of premise 12's implication is true, so the inner implication must be true. Therefore, universal housing ensures Scholarship-Thesis compliance under Quantum enrollment (option B)."
343,1,được sửa đổi,No,Yes,explanation supports Yes,"If all students are guaranteed University housing, does it follow that universal housing guarantees Scholarship checks for Thesis under Quantum enrollment?","From premise 3 (All students are guaranteed University housing (U)), we know ∀x U(x). From premise 6, every student is enrolled in Quantum Physics (Q) (∀x Q(x)). From premise 12, universal housing (∀U) guarantees Scholarship-Thesis compliance under Quantum enrollment (∀Q → ¬S→¬T) (∀x U(x) → (∀x Q(x) → ∀x (¬S(x) → ¬T(x)))). Since premise 3 states that all students have housing, premise 12's antecedent is true, so the consequent must be true. Since premise 6 states that all students are enrolled in Quantum Physics, the consequent of premise 12's implication is true, so the inner implication must be true. Therefore, if all students are guaranteed University housing, it follows that universal housing guarantees Scholarship checks for Thesis under Quantum enrollment."
344,0,được sửa đổi,Unknown,C,explanation supports C,"Based on university policies, which conclusion follows if we know that some students have submitted theses?
A. Thesis existence doesn't affect research rules.
B. Policy contradiction exists.
C. Thesis submissions activate research-quantum link.
D. The rule is tautological.","From premise 3 (Some students have submitted theses), we know ∃x T(x). From premise 4, thesis submission (T) guarantees dormitory access (U) (∀x (T(x) → U(x))). From premise 9, existence of thesis submitters triggers the research-quantum policy link (∃x T(x) → (∀x (T(x) → U(x)) → ∀x (¬R(x) → ¬Q(x)))). Since premise 3 states that there exist students who submitted theses, premise 9's antecedent is true, so the consequent must be true. Since premise 4 states the implication, premise 9's consequent is true, so the inner implication must be true. Therefore, thesis submissions activate research-quantum link (option C)."
344,1,được sửa đổi,No,Yes,explanation supports Yes,"If some students have submitted theses, does it follow that dormitory access requires thesis submission?","From premise 3 (Some students have submitted theses), we know ∃x T(x). From premise 2, dormitory access (U) requires submitting a thesis (T) (∀x (U(x) → T(x))). Since premise 3 states that there exist students who submitted theses, premise 2's consequent can be true for some students, so the antecedent must be true for those students. Therefore, if some students have submitted theses, it follows that dormitory access requires thesis submission."
345,0,được sửa đổi,Unknown,A,explanation supports A,"Based on registration policies, which rule is enforced if we know that every registration has advisor approval?
A. Universal advisor approval → (No enrollment → No registration)
B. Policy contradiction exists
C. Tautological redundancy
D. Logical inconsistency","From premise 6 (Every registration has advisor approval (R)), we know ∀x R(x). From premise 10, universal advisor approval triggers automatic purge of unconfirmed registrations (∀x R(x) → ∀x (¬U(x) → ¬S(x))). Since premise 6 states that all registrations have advisor approval, premise 10's antecedent is true, so the consequent must be true. Therefore, universal advisor approval → (No enrollment → No registration) (option A)."
345,1,được sửa đổi,No,Yes,explanation supports Yes,"If all students have cleared tuition payments, does it follow that all students satisfy prerequisite requirements?","From premise 4 (All students have cleared tuition payments (P)), we know ∀x P(x). From premise 9, full tuition compliance by all students waives prerequisite checks (∀x P(x) → ∀x Q(x)). Since premise 4 states that all students have cleared tuition payments, premise 9's antecedent is true, so the consequent must be true. Therefore, if all students have cleared tuition payments, it follows that all students satisfy prerequisite requirements."
346,0,được sửa đổi,Unknown,B,explanation supports B,"Based on the above premises, which statement can be inferred if we know that there exists at least one object x that has property R?
A. ¬((¬P(x) → ¬R(x)) → (U(x) → P(x)))
B. ((¬P(x) → ¬R(x)) → (U(x) → P(x)))
C. (((¬P(x) → ¬R(x)) → (U(x) → P(x))) ∧ ¬((¬P(x) → ¬R(x)) → (U(x) → P(x))))
D. (((¬P(x) → ¬R(x)) → (U(x) → P(x))) → ((¬P(x) → ¬R(x)) → (U(x) → P(x))))","From premise 3 (There exists at least one object x that has property R), we know ∃x R(x). From premise 1, if an object x does not have property P then it also does not have property R (∀x (¬P(x) → ¬R(x))). From premise 10, if not having property P implies not having property R then x having property U implies x has property P (∀x (¬P(x) → ¬R(x)) → ∀x (U(x) → P(x))). Since premise 3 states that there exists an object with property R, premise 1's consequent can be false for some object, so the antecedent must be false for that object. Therefore, premise 10's antecedent is true, so the consequent must be true. Therefore, ((¬P(x) → ¬R(x)) → (U(x) → P(x))) (option B)."
346,1,được sửa đổi,No,Yes,explanation supports Yes,"If there exists at least one object x that has property R, does it follow that there exists at least one object x that has property R?","From premise 3 (There exists at least one object x that has property R), we know ∃x R(x). Since premise 3 directly states the existence of such an object, it follows that if there exists at least one object x that has property R, then there exists at least one object x that has property R."
347,0,được sửa đổi,Unknown,C,explanation supports C,"Based on university policies, which conclusion is valid if we know that failing Philosophy revokes dormitory access?
A. The policy is tautological.
B. Philosophy-dorm rules contradict proposals.
C. Philosophy failures → Advanced seminar seats.
D. The system is inconsistent.","From premise 8 (Failing Philosophy revokes dormitory access), we know ∀x (¬P(x) → ¬U(x)). From premise 10, the Philosophy-dormitory policy ensures advanced seminar participation (∀x (¬P(x) → ¬U(x)) → ∃x Q(x)). Since premise 8 states that failing Philosophy revokes dormitory access, premise 10's antecedent is true, so the consequent must be true. Therefore, philosophy failures → Advanced seminar seats (option C)."
347,1,được sửa đổi,No,Yes,explanation supports Yes,"If submitting a research proposal requires advisor review, does it follow that advisor-reviewed work guarantees dorm access?","From premise 1 (Submitting a research proposal requires advisor review), we know ∀x (S(x) → R(x)). From premise 5, advisor-reviewed proposals grant dormitory access (∀x (R(x) → U(x))). Since premise 1 states that submitting a proposal implies advisor review, premise 5's antecedent can be true for some students, so the consequent must be true for those students. Therefore, if submitting a research proposal requires advisor review, it follows that advisor-reviewed work guarantees dorm access."
348,0,được sửa đổi,B,D,explanation supports D,"Considering the above premises from the University of Technology, which of the following statements can be logically deduced if we know that every object x has property T?
A. It is not true that if an object having property T implies it has property Q then all objects have property T.
B. If it is true that if an object having property T implies it has property Q then all objects have property T, then it is indeed true that if an object having property T implies it has property Q then all objects have property T.
C. It is both true and not true that if an object having property T implies it has property Q then all objects have property T.
D. If an object having property T implies it has property Q then all objects have property T.","From premise 5 (Every object x has property T), we know ∀x T(x). From premise 6, if an object x has property T, then it also has property Q (∀x (T(x) → Q(x))). From premise 10, if it is true that whenever an object x has property T then it has property Q, then every object x has property T (∀x (T(x) → Q(x)) → ∀x T(x)). Since premise 5 states that all objects have property T, premise 6's antecedent is true, so the consequent must be true. Therefore, premise 10's antecedent is true, so the consequent must be true. Therefore, if an object having property T implies it has property Q then all objects have property T (option D)."
348,1,được sửa đổi,No,Yes,explanation supports Yes,"If every object x has property Q, does it follow that if an object does not have property Q, then it does not have property P?","From premise 1 (Every object x has property Q), we know ∀x Q(x). From premise 3, if an object x does not have property Q, then it does not have property P (∀x (¬Q(x) → ¬P(x))). Since premise 1 states that all objects have property Q, premise 3's antecedent is false, so the consequent is always true. Therefore, if every object x has property Q, it follows that if an object does not have property Q, then it does not have property P."
349,0,được sửa đổi,Unknown,C,explanation supports C,"Based on university policies, which conclusion is valid if we know that some students qualify for Quantum Physics?
A. Denial of Quantum-Research link.
B. Contradictory policies.
C. Quantum students → Research requires Philosophy.
D. Tautological redundancy.","From premise 7 (Some students qualify for Quantum Physics (Q)), we know ∃x Q(x). From premise 13, Quantum students enforce Research→Philosophy compliance (∃x Q(x) → ∀x (R(x) → P(x))). Since premise 7 states that some students qualify for Quantum Physics, premise 13's antecedent is true, so the consequent must be true. Therefore, Quantum students → Research requires Philosophy (option C)."
350,0,được sửa đổi,Unknown,C,explanation supports C,"Considering the above premises from the University of Technology, which of the following statements can be logically deduced if we know that there exists at least one object x that has property U?
A. It is not the case that if there exists an object with property U then if an object lacks property S it does not have property P.
B. If it is true that if there exists an object with property U then if an object lacks property S it does not have property P, then it is indeed true that if there exists an object with property U then if an object lacks property S it does not have property P.
C. If there exists an object with property U then if an object lacks property S it does not have property P.
D. It is both true and not true that if there exists an object with property U then if an object lacks property S it does not have property P.","From premise 1 (There exists at least one object x that has property U), we know ∃x U(x). From premise 2, if an object x does not have property S, then it does not have property P (∀x (¬S(x) → ¬P(x))). From premise 4, if an object x has property U, then it has property S (∀x (U(x) → S(x))). From premise 10, if there exists at least one object x that has property U, then if an object x does not have property S it does not have property P (∃x U(x) → ∀x (¬S(x) → ¬P(x))). Since premise 1 states that there exists an object with property U, premise 10's antecedent is true, so the consequent must be true. Therefore, if there exists an object with property U then if an object lacks property S it does not have property P (option C)."
350,1,được sửa đổi,No,Yes,explanation supports Yes,"If every object x has property P, does it follow that if it is the case that if an object lacks property S then it does not have property P, then there exists at least one object with property P?","From premise 2 (If an object x does not have property S, then it does not have property P), we know ∀x (¬S(x) → ¬P(x)). From premise 3, every object x has property P (∀x P(x)). From premise 9, if it is true that if an object x does not have property S then it does not have property P, then there exists at least one object x that has property P (∀x (¬S(x) → ¬P(x)) → ∃x P(x)). Since premise 3 states that all objects have property P, premise 2's consequent is always true, so the antecedent is always false. Therefore, premise 9's antecedent is false, so the consequent is always true. Therefore, if every object x has property P, it follows that if it is the case that if an object lacks property S then it does not have property P, then there exists at least one object with property P."
351,0,được sửa đổi,Unknown,A,explanation supports A,"Based on the above premises provided in the context of a university, which of the following statements can be logically deduced if we know that there exists at least one object x that has property R?
A. If there exists at least one object with property R, then every object has property P.
B. It is not true that if there exists at least one object with property R then every object has property P.
C. It is both true and not true that if there exists at least one object with property R then every object has property P.
D. If it is true that if there exists at least one object with property R then every object has property P, then if there exists at least one object with property R every object has property P.","From premise 1 (There exists at least one object x that has property R), we know ∃x R(x). From premise 3, every object x has property P (∀x P(x)). From premise 11, if there exists at least one object x with property R, then every object x has property P (∃x R(x) → ∀x P(x)). Since premise 1 states that there exists an object with property R, premise 11's antecedent is true, so the consequent must be true. Therefore, if there exists at least one object with property R, then every object has property P (option A)."
351,1,được sửa đổi,No,Yes,explanation supports Yes,"If there exists at least one object x that has property R, does it follow that every object has property P?","From premise 1 (There exists at least one object x that has property R), we know ∃x R(x). From premise 3, every object x has property P (∀x P(x)). From premise 11, if there exists at least one object x with property R, then every object x has property P (∃x R(x) → ∀x P(x)). Since premise 1 states that there exists an object with property R, premise 11's antecedent is true, so the consequent must be true. Therefore, if there exists at least one object x that has property R, it follows that every object has property P."
352,0,được sửa đổi,Unknown,B,explanation supports B,"Which policy is validated by university regulations if we know that failing Philosophy blocks Quantum Physics enrollment?
A. Tautological redundancy.
B. Philosophy failures → Research-dormitory link.
C. Contradictory rules.
D. Logical inconsistency.","From premise 2 (Failing Philosophy (¬P) blocks Quantum Physics enrollment (¬Q)), we know ∀x (¬P(x) → ¬Q(x)). From premise 4, research project approval (R) grants dormitory access (∀x (R(x) → U(x))). From premise 11, Philosophy-Quantum rules enforce research-dormitory policies (∀x (¬P(x) → ¬Q(x)) → ∀x (R(x) → U(x))). Since premise 2 states that failing Philosophy blocks Quantum Physics enrollment, premise 11's antecedent is true, so the consequent must be true. Therefore, philosophy failures → Research-dormitory link (option B)."
352,1,được sửa đổi,No,Yes,explanation supports Yes,"If submitting a thesis proposal requires advisor approval, does it follow that the thesis approval → research-dormitory rule holds?","From premise 1 (Submitting a thesis proposal (S) requires advisor approval (T)), we know ∀x (S(x) → T(x)). From premise 3, thesis proposals grant dormitory access (U) (∀x (S(x) → U(x))). From premise 9, thesis-advisor rule enforces research-dormitory link (∀x (S(x) → T(x)) → ∀x (R(x) → U(x))). Since premise 1 states that submitting a thesis proposal requires advisor approval, premise 9's antecedent is true, so the consequent must be true. Therefore, if submitting a thesis proposal requires advisor approval, it follows that the thesis approval → research-dormitory rule holds."
353,0,được sửa đổi,Unknown,A,explanation supports A,"Based on university policies, which conclusion is valid if we know that no entrance exam pass → No Research completion?
A. Exam-Research rule → Quantum policy activation.
B. Contradiction in rules.
C. Tautological redundancy.
D. Policy denial.","From premise 6 (No entrance exam pass → No Research completion), we know ∀x (¬T(x) → ¬R(x)). From premise 11, the exam-Research rule activates Quantum Physics policies (∀x (¬T(x) → ¬R(x)) → ∀x (Q(x) → R(x))). Since premise 6 states that no entrance exam pass implies no Research completion, premise 11's antecedent is true, so the consequent must be true. Therefore, exam-Research rule → Quantum policy activation (option A)."
353,1,được sửa đổi,No,Yes,explanation supports Yes,"If some students completed Research projects, does it follow that the existence of Research completers enforces Quantum Physics requirements?","From premise 7 (Some students completed Research projects), we know ∃x R(x). From premise 10, research completers enforce Quantum Physics requirements (∃x R(x) → ∀x (Q(x) → R(x))). Since premise 7 states that there exist students who completed Research projects, premise 10's antecedent is true, so the consequent must be true. Therefore, if some students completed Research projects, it follows that the existence of Research completers enforces Quantum Physics requirements."
354,0,được sửa đổi,Unknown,B,explanation supports B,"Based on the above premises provided in the context of a university, which of the following statements can be logically deduced if we know that if an object x has property U, then it has property T?
A. It is not true that if an object having property U implies it has property T then every object has property P.
B. If it is true that if an object having property U implies it has property T then every object has property P, then every object has property P.
C. It is both true and not true that if an object having property U implies it has property T then every object has property P.
D. If it is true that if an object having property U implies it has property T then every object has property P, then it is indeed true that if an object having property U implies it has property T then every object has property P.","From premise 7 (If an object x has property U, then it has property T), we know ∀x (U(x) → T(x)). From premise 9, if it is true that if an object x has property U then it has property T, then every object x has property P (∀x (U(x) → T(x)) → ∀x P(x)). From premise 11, if it is true that if an object x having property U implies it has property T then every object x has property P, then every object x has property P ((∀x (U(x) → T(x)) → ∀x P(x)) → ∀x P(x)). Since premise 7 states that if an object has property U then it has property T, premise 9's antecedent is true, so the consequent must be true. Therefore, premise 11's antecedent is true, so the consequent must be true. Therefore, if it is true that if an object having property U implies it has property T then every object has property P, then every object has property P (option B)."
354,1,được sửa đổi,No,Yes,explanation supports Yes,"If every object has property R, does it follow that there exists at least one object with property Q?","From premise 5 (Every object x has property R), we know ∀x R(x). From premise 6, every object x has property P (∀x P(x)). From premise 10, if every object x has property R, then there exists at least one object x that has property Q (∀x R(x) → ∃x Q(x)). Since premise 5 states that all objects have property R, premise 10's antecedent is true, so the consequent must be true. Therefore, if every object has property R, it follows that there exists at least one object with property Q."
356,0,được sửa đổi,A,C,explanation supports C,"Which statement can be inferred?
A. It is both true and false that if there exists at least one student who has completed the Thesis Writing course, then all students are enrolled in Research Methods.
B. It is false that if there exists at least one student who has completed the Thesis Writing course, then all students are enrolled in Research Methods.
C. If there exists at least one student who has completed the Thesis Writing course, then all students are enrolled in Research Methods.
D. If there exists at least one student who has completed the Thesis Writing course, then all students can't enroll in Research Methods.","Premise 6 states all students completed Thesis Writing, implying at least one did, and premise 2 confirms all students are enrolled in Research Methods, making C correct."
357,0,được sửa đổi,A,B,explanation supports B,"Which statement can be inferred?
A. If a student doesn't complete the Thesis Writing course, then all students are enrolled in Research Methods.
B. If a student completes the Thesis Writing course, then all students are enrolled in Research Methods.
C. It is false that if a student completes the Thesis Writing course, then all students are enrolled in Research Methods.
D. It is both true and false that if a student completes the Thesis Writing course, then all students are enrolled in Research Methods.","Premise 7 states some student completed Thesis Writing, premise 5 says this implies all students are enrolled in Research Methods, and premise 3 confirms all are enrolled, making B correct."
358,0,được sửa đổi,A,C,explanation supports C,"Which statement can be inferred?
A. It is false that if all students have access to online learning resources, then they are all enrolled in at least one online course.
B. If all students have not access to online learning resources, then they are all enrolled in at least one online course, and this statement is true.
C. If all students have access to online learning resources, then they are all enrolled in at least one online course.
D. It is both true and false that if all students have access to online learning resources, then they are all enrolled in at least one online course.","Premise 3 states all students have access to online resources, and premise 6 says this implies all are enrolled in at least one online course, making C correct."
359,1,drop,Unknown,,explanation ambiguous / multi-support / non-committal,What qualifies a student for a scholarship?,"Premise 1 states studying 10 hours leads to knowledge, premise 2 says knowledge results in passing the exam or project, and premise 6 says passing three or more subjects qualifies for a scholarship."
360,1,drop,Unknown,,explanation ambiguous / multi-support / non-committal,What allows a student to take a course?,"Premise 4 states passing an equivalent course fulfills prerequisites, premise 7 specifies requirements like passing Linear Algebra for Machine Learning 101, and premise 5 says meeting prerequisites and enrolling allows taking a course."
362,1,được sửa đổi,No,Yes,explanation supports Yes,Does Tuan have knowledge of his A-grade subjects?,"Premise 8 states earning an A requires mastering the subject, premise 3 links mastery to explaining and friends understanding, and premise 2 says knowledge enables explanation, so Tuan has knowledge of his A-grade subjects."
363,1,drop,Unknown,,explanation ambiguous / multi-support / non-committal,What follows if a student earns an A?,"Premise 1 states earning an A implies mastery, premise 2 confirms all have mastered, and premise 6 says an A implies some student earned an A+, so an A means some earned an A+."
364,1,được sửa đổi,No,Yes,explanation supports Yes,Do all students who want to understand the lesson pay attention?,"Premise 4 states some student wants to understand, premise 1 says wanting to understand requires paying attention, and premise 3 confirms all do exercises, so all who want to understand pay attention."
365,1,được sửa đổi,D,A,explanation supports A,"Which conditions would prevent a student from meeting Software Engineering requirements?
A. Failing Algorithms, not completing Capstone Project.
B. Not enrolled in Data Structures, failing Algorithms.
C. Not completing Programming Fundamentals, not completing Capstone Project.
D. Failing Software Engineering, failing Algorithms.","Premise 1 states failing Algorithms prevents meeting Software Engineering requirements, and premise 5 states not completing the Capstone Project prevents meeting those requirements, so option A is correct."
369,0,drop,Unknown,,explanation ambiguous / multi-support / non-committal,"Based on the above premises, which statement can be inferred?
A. ∀x (R(x) → (H(x) ∧ W(x)))
B. ∀x (P(x) → ¬W(x))
C. ∀x (R(x) → ¬H(x))
D. ∀x (¬P(x) → (H(x) ∧ ¬S(x)))","The statement that if students reflect on their low grades, they will increase study hours and focus on weaknesses follows because reflecting leads to proactive steps (premise 2), which include increasing study hours and focusing on weaknesses (premise 3)."
370,0,được sửa đổi,C,A,explanation supports A,"Based on the above premises, which statement can be inferred?
A. ∀x (L(x) → (C(x) ∧ P(x) ∧ G(x)))
B. ∀x (L(x) → ¬G(x))
C. ∀x (S(x) → ¬L(x))
D. ∀x (K(x) → ¬E(x))","The statement that if a student learns, they develop critical thinking, problem-solving skills, and growth follows because learning leads to critical thinking and problem-solving (premise 10) and, since everyone is a student (premise 3), learning also leads to growth (premise 1)."
371,0,được sửa đổi,B,A,explanation supports A,"Based on the above premises, which statement can be inferred?
A. ∀x (S(x) ∧ A(x) → F(x))
B. ¬K(John)
C. ∀x (M(x) > 0 → ¬K(x))
D. A(Sarah)","The statement that if a student attends classes regularly, they will have a better future follows because regular attendance leads to knowledge (premise 6), which can lead to a better future (premise 7)."
371,1,được sửa đổi,Yes,No,explanation supports No,"Based on the premises, is the following statement true?
Statement: John has missed more than 3 classes this semester.",The statement that John has missed more than 3 classes this semester is false because John has missed no classes (premise 10).
372,0,được sửa đổi,Unknown,A,explanation supports A,"Based on the above premises, which statement can be inferred?
A. ∀x (O(x) → ¬B(x))
B. B(An)
C. ¬F(An)
D. ¬O(An)","The statement that if a person returns books overdue, they cannot borrow books follows because returning books overdue leads to a fine (premise 2), and being fined prevents borrowing books (premise 3)."
373,0,được sửa đổi,Unknown,A,explanation supports A,"Based on the above premises, which of the following statements can be inferred?
A. ∀x (P(x) → (A(x) ∧ T(x)))
B. ∀x (P(x) → ¬A(x))
C. ¬∀x P(x)
D. ∀x (E(x) → ¬T(x))","The statement that if a student participates in a course, they complete assignments and attend class follows because participation implies enrollment (premise 3), enrollment requires completing assignments (premise 5), and enrollment requires attending class (premise 8)."
373,1,được sửa đổi,No,Yes,explanation supports Yes,"According to the above premises, is the following statement true?
Statement: If every student participates in a course, then if a student is enrolled, they must complete the assignments.","The statement that if every student participates in a course, then enrolled students must complete assignments is true because every enrolled student must complete assignments (premise 5)."
374,0,được sửa đổi,Unknown,A,explanation supports A,"Based on the above premises, which statement can be logically inferred?
A. ∀x (¬A(x) → (¬R(x) ∧ ¬P(x)))
B. ∃x (¬A(x) ∧ F(x))
C. ∀x (A(x) → ¬R(x))
D. ∀x (¬S(x) → F(x))","The statement that if a student did not attend the training session, they did not receive course recognition nor submit the final project follows because non-attendance leads to not submitting the final report (premise 5), which prevents recognition (premise 3), and non-attendance also prevents submitting the final project (premise 8)."
374,1,được sửa đổi,No,Yes,explanation supports Yes,"Based on the above premises, is the following statement true?
Statement: If a student did not sign the academic integrity agreement, then they did not receive course recognition.","The statement that if a student did not sign the academic integrity agreement, they did not receive course recognition is true because it is explicitly stated (premise 9)."
375,0,được sửa đổi,Unknown,A,explanation supports A,"Based on the above premises, which statement can be logically inferred?
A. ∀x (P(x) → E(x))
B. ∀x (F(x) → ¬E(x))
C. ∃x (¬R(x) ∧ J(x))
D. ∀x (¬P(x) → A(x))","The statement that if a student passed the prerequisite programming course, they meet the prerequisites for elective courses follows because passing the programming course allows proceeding to specialized courses (premise 6), which requires completing foundational courses (premise 3), which in turn implies meeting elective prerequisites (premise 7)."
375,1,được sửa đổi,Unknown,No,explanation supports No,"Based on the above premises, is the following statement true?
Statement: If students fail to meet the standards, they must take up the project the following semester.","The statement that if students fail to meet the standards, they must take up the project the following semester is false because failing to meet standards prevents participation in the final project (premise 8), and no premise supports a requirement to take it later."
377,0,được sửa đổi,Unknown,A,explanation supports A,"Based on the above premises, which statement can be inferred if we know that Lan is enrolled in Chemistry 101?
A. Lan is allowed to enter the laboratory for Chemistry 101.
B. Lan is not allowed to enter the laboratory for Chemistry 101.
C. Kai is allowed to enter the laboratory for Chemistry 101.
D. Lan must reserve lab equipment for Chemistry 101.","From premise 6 (Lan is enrolled in Chemistry 101), we know Enrolled(Lan, Chemistry101). From premise 1, students are allowed to enter the laboratory to conduct experiments only if they have both health insurance and accident insurance (∀s (AllowedToEnterLab(s) ↔ (HasHealthInsurance(s) ∧ HasAccidentInsurance(s)))). From premise 2, Lan has health insurance (HasHealthInsurance(Lan)). From premise 3, Lan has accident insurance (HasAccidentInsurance(Lan)). Since premise 2 and premise 3 satisfy the conditions in premise 1, Lan is allowed to enter the laboratory for Chemistry 101 (option A)."
377,1,được sửa đổi,No,Yes,explanation supports Yes,"If Lan is enrolled in Chemistry 101, does it follow that Lan is allowed to enter the laboratory for Chemistry 101?","From premise 6 (Lan is enrolled in Chemistry 101), we know Enrolled(Lan, Chemistry101). From premise 1, students are allowed to enter the laboratory to conduct experiments only if they have both health insurance and accident insurance (∀s (AllowedToEnterLab(s) ↔ (HasHealthInsurance(s) ∧ HasAccidentInsurance(s)))). From premise 2, Lan has health insurance (HasHealthInsurance(Lan)). From premise 3, Lan has accident insurance (HasAccidentInsurance(Lan)). Since premise 2 and premise 3 satisfy the conditions in premise 1, if Lan is enrolled in Chemistry 101, it follows that Lan is allowed to enter the laboratory for Chemistry 101."
378,0,được sửa đổi,A,B,explanation supports B,"Based on the above premises, which statement can be inferred if we know that Linh is a full-time student with health issues?
A. Linh is not meeting the credit requirements for full-time students.
B. Linh is meeting the credit requirements for full-time students.
C. Linh needs to take more than 12 credits to meet the credit requirements.
D. Linh is a part-time student.","From premise 3 (Linh is a full-time student with health issues, taking 12 credits this semester), we know FullTimeStudent(Linh) ∧ SpecialCase(Linh) ∧ Credits(Linh) = 12. From premise 1, full-time students must take at least 14 credits per semester, but in special cases they can take a minimum of 11 credits for up to 2 semesters (∀s (FullTimeStudent(s) → (Credits(s) ≥ 14 ∨ (SpecialCase(s) ∧ Credits(s) ≥ 11)))). From premise 13, Linh has not exceeded the 2-semester limit for special cases (SemesterCountSpecialCase(Linh) ≤ 2). Since premise 3 states that Linh is a full-time student with a special case and taking 12 credits, and premise 13 states she has not exceeded the limit, premise 1's conditions are met. Therefore, Linh is meeting the credit requirements for full-time students (option B)."
378,1,được sửa đổi,No,Yes,explanation supports Yes,"If Linh is taking exactly 12 credits this semester, does it follow that Linh is eligible for the tuition discount?","From premise 3 (Linh is a full-time student with health issues, taking 12 credits this semester), we know Credits(Linh) = 12. From premise 12, the university offers a tuition discount for students taking exactly 12 credits (∀s (Credits(s) = 12 → EligibleForDiscount(s))). Since premise 3 states that Linh is taking exactly 12 credits, premise 12's antecedent is true, so the consequent must be true. Therefore, if Linh is taking exactly 12 credits this semester, it follows that Linh is eligible for the tuition discount."
379,0,được sửa đổi,B,A,explanation supports A,"Based on the above premises, which statement can be inferred if we know that Hà has accumulated 80 credits in the training program?
A. Hà is eligible for an internship because she has accumulated 80 credits.
B. Hà is not eligible for an internship due to insufficient credits.
C. Hà must take remedial courses before applying for the internship.
D. Hà’s internship application was submitted after June 1st.","From premise 3 (Hà has accumulated 80 credits in the training program), we know AccumulatedCredits(Hà) = 80. From premise 2, the training program has a total of 120 credits (TotalCredits(TrainingProgram) = 120). From premise 1, students must accumulate at least 65% of the total credits of their training program to be eligible for an internship (∀s (EligibleForInternship(s) ↔ (AccumulatedCredits(s) ≥ 0.65 * TotalCredits(Program(s))))). Since premise 2 states the total credits are 120, 65% of 120 is 78 credits (0.65 * 120 = 78). Since premise 3 states that Hà has accumulated 80 credits, which is more than 78 credits, premise 1's condition is satisfied. Therefore, Hà is eligible for an internship because she has accumulated 80 credits (option A)."
380,0,được sửa đổi,A,C,explanation supports C,"Based on the above premises, which statement can be inferred if we know that Phong has an average semester score of 2.3?
A. Phong has an Excellent ranking.
B. Phong has a Good ranking.
C. Phong has an Average ranking.
D. Phong is ranked Poor.","From premise 7 (Phong has an average semester score of 2.3), we know AverageScore(Phong) = 2.3. From premise 4, students are ranked as Average if their average score is between 2.0 and 2.5 (∀s ((AverageScore(s) ≥ 2.0 ∧ AverageScore(s) < 2.5) → Ranking(s, Average))). Since premise 7 states that Phong's average score is 2.3, which falls within the range of 2.0 to 2.5, premise 4's condition is satisfied. Therefore, Phong has an Average ranking (option C)."
382,0,được sửa đổi,B,A,explanation supports A,"Based on the above premises, which statement can be inferred if we know that Phong has accumulated 70 credits and has met the foreign language standard for year three?
A. Phong is a third-year student.
B. Phong has not met the foreign language standard for year three.
C. Lan is eligible for study abroad.
D. Phong has not completed the capstone project.","From premise 3 (Phong has accumulated 70 credits and has met the foreign language standard for year three), we know AccumulatedCredits(Phong) = 70 ∧ MeetsLanguageStandard(Phong, YearThree). From premise 2, the average credits per year (M) for regular students is 33 (M = 33). From premise 1, students are ranked as third-year if their accumulated credits are between 2M and 3M and they meet the language standard (∀s (ThirdYear(s) ↔ ((2M ≤ AccumulatedCredits(s) < 3M) ∧ MeetsLanguageStandard(s, YearThree)))). Since premise 2 states that M is 33, 2M is 66 (2 * 33 = 66) and 3M is 99 (3 * 33 = 99). Since premise 3 states that Phong has accumulated 70 credits, which is between 66 and 99, and he has met the language standard, premise 1's condition is satisfied. Therefore, Phong is a third-year student (option A)."
382,1,được sửa đổi,No,Yes,explanation supports Yes,"If Phong has met the foreign language standard for year three, does it follow that Phong is eligible to apply for study abroad?","From premise 3 (Phong has accumulated 70 credits and has met the foreign language standard for year three), we know MeetsLanguageStandard(Phong, YearThree). From premise 14, third-year students can apply for study abroad if they meet the foreign language standard for year three (∀s (ThirdYear(s) ∧ MeetsLanguageStandard(s, YearThree) → EligibleStudyAbroad(s))). From premise 1, students are ranked as third-year if their accumulated credits are between 2M and 3M and they meet the language standard (∀s (ThirdYear(s) ↔ ((2M ≤ AccumulatedCredits(s) < 3M) ∧ MeetsLanguageStandard(s, YearThree)))). From premise 2, the average credits per year (M) for regular students is 33 (M = 33). Since premise 3 states that Phong has accumulated 70 credits, which is between 66 and 99, and he has met the language standard, premise 1's condition is satisfied, so Phong is a third-year student. Since premise 3 states that Phong has met the language standard, premise 14's conditions are met. Therefore, if Phong has met the foreign language standard for year three, it follows that Phong is eligible to apply for study abroad."
383,0,được sửa đổi,Unknown,A,explanation supports A,"Based on the above premises, which statement can be inferred if we know that students work in groups?
A. If students work in groups, then their performance improves.
B. If students work in groups, then their performance does not improve.
C. Students working in groups neither gain nor lose performance.
D. None of the above can be concluded.","From premise 3 (If students work in groups, then they can increase motivation and performance), we know ∀x (Student(x) ∧ GroupWork(x) → IncreasedMotivation(x) ∧ ImprovedPerformance(x)). Since premise 3 states that if students work in groups, their performance improves, if we know that students work in groups, it follows that their performance improves (option A)."
385,0,được sửa đổi,Unknown,C,explanation supports C,"Based on the above premises, which statement can be inferred if we know that every student is participating in the training session?
A. It is not true that If a student attends the seminar, they will be eligible for the certification.
B. It is both true and false that If a student attends the seminar, they will be eligible for the certification.
C. If a student attends the seminar, they will be eligible for the certification.
D. If a student attends the seminar, they won't be eligible for the certification.","From premise 2 (If a student attends the seminar, they will be eligible for the certification), we know ∀x (S(x) → Q(x)). Since premise 2 directly states the implication, if a student attends the seminar, they will be eligible for the certification (option C)."
386,1,được sửa đổi,No,Yes,explanation supports Yes,"If there exists at least one student who has submitted the final project, does it follow that if a student has submitted the final project, then they have passed the Technical Writing course?","From premise 9 (There exists at least one student who has submitted the final project), we know ∃x P(x). From premise 4, if a student has submitted the final project, then they have passed the Technical Writing course (∀x (P(x) → T(x))). Since premise 9 states that there exists a student who has submitted the final project, premise 4's antecedent can be true for some students, so the consequent must be true for those students. Therefore, if there exists at least one student who has submitted the final project, it follows that if a student has submitted the final project, then they have passed the Technical Writing course."
387,0,được sửa đổi,Unknown,A,explanation supports A,"Based on the above premises, which statement can be logically inferred if we know that there exists at least one student who has completed the Data Science course?
A. If the implication from completing the Data Science course to being eligible for the Machine Learning course is valid, then completing the Data Science course leads to passing the Data Analytics exam.
B. The negation of that implication.
C. Both the implication and its negation are assumed true, which is a contradiction.
D. The implication is assumed true and false at the same time.","From premise 9 (There exists at least one student who has completed the Data Science course), we know ∃x D(x). From premise 4, if a student has completed the Data Science course, then they have passed the exam on Data Analytics (∀x (D(x) → E(x))). From premise 6, if completing the Data Science course leads to passing the Data Analytics exam, then completing the Data Science course makes the student eligible to apply for the Machine Learning course (∀x (D(x) → E(x)) → ∀x (D(x) → M(x))). From premise 7, if the above implication holds, then completing the Data Science course leads to passing the Data Analytics exam (∀x (D(x) → E(x)) → ∀x (D(x) → M(x)) → ∀x (D(x) → E(x))). Since premise 9 states that there exists a student who has completed the Data Science course, premise 4's antecedent can be true for some students, so the consequent must be true for those students. Since premise 4 states the implication, premise 6's antecedent is true, so the consequent must be true. Therefore, premise 7's antecedent is true, so the consequent must be true. Therefore, if the implication from completing the Data Science course to being eligible for the Machine Learning course is valid, then completing the Data Science course leads to passing the Data Analytics exam (option A)."
387,1,được sửa đổi,No,Yes,explanation supports Yes,"If there exists at least one student who has completed the Data Science course, does it follow that if a student has completed the Data Science course, then they have passed the Data Analytics exam?","From premise 9 (There exists at least one student who has completed the Data Science course), we know ∃x D(x). From premise 4, if a student has completed the Data Science course, then they have passed the exam on Data Analytics (∀x (D(x) → E(x))). Since premise 9 states that there exists a student who has completed the Data Science course, premise 4's antecedent can be true for some students, so the consequent must be true for those students. Therefore, if there exists at least one student who has completed the Data Science course, it follows that if a student has completed the Data Science course, then they have passed the Data Analytics exam."
389,0,được sửa đổi,Unknown,B,explanation supports B,"Based on the above premises, which statement can be logically inferred if we know that all students must meet the eligibility requirements to enroll in the advanced courses?
A. It is a tautology that completing the prerequisite course implies eligibility for the advanced courses.
B. Completing the prerequisite course implies eligibility for advanced courses.
C. If completing the prerequisite course implies eligibility for advanced courses and its negation holds, then there is a contradiction.
D. It is not true that completing the prerequisite course implies eligibility for the advanced courses.","From premise 4 (All students must meet the eligibility requirements to enroll in the advanced courses), we know ∀x U(x). From premise 1, if a student has completed the required prerequisite course, they are eligible to enroll in advanced courses (∀x (R(x) → U(x))). Since premise 4 states that all students must meet the eligibility requirements, and premise 1 states that completing the prerequisite course leads to eligibility, if all students must meet the eligibility requirements to enroll in the advanced courses, it follows that completing the prerequisite course implies eligibility for advanced courses (option B)."
389,1,được sửa đổi,No,Yes,explanation supports Yes,"If all students must meet the eligibility requirements to enroll in the advanced courses, does it follow that if a student has failed to meet the standards for a course, they are not allowed to participate in the final project preparation?","From premise 4 (All students must meet the eligibility requirements to enroll in the advanced courses), we know ∀x U(x). From premise 9, if a student has failed to meet the standards for a course, they are not allowed to participate in the final project preparation (∀x (¬T(x) → ¬S(x))). Since premise 4 states that all students must meet the eligibility requirements, and premise 9 states the implication, if all students must meet the eligibility requirements to enroll in the advanced courses, it follows that if a student has failed to meet the standards for a course, they are not allowed to participate in the final project preparation."
394,0,được sửa đổi,No,Yes,explanation supports Yes,Do all students receive a recommendation?,"Premise 3 states all students complete the training module, premise 5 states all earn a certification, premise 4 implies all participate in a project, premise 6 states participating implies giving a seminar, and premise 1 states giving a seminar implies receiving a recommendation, so all students receive a recommendation."
395,0,được sửa đổi,No,Yes,explanation supports Yes,Do all students receive a recommendation?,"Premise 3 states all students complete the training module, premise 5 states all earn a certification, premise 4 implies all participate in a project, premise 6 states participating implies giving a seminar, and premise 1 states giving a seminar implies receiving a recommendation, so all students receive a recommendation."
403,0,được sửa đổi,B,C,explanation supports C,"Which statement follows from the premises?
A. It is not true that if missing the deadline prevents course registration, then all students submitted their registration requests.
B. If the statement that missing the deadline prevents registration implies all students submitted registration requests, then that implication holds.
C. If missing the deadline prevents registering for courses, then all students submitted their registration requests.
D. The statement that missing the deadline prevents registration implies all students submitted registration requests is both true and false.","Premise 6 states all students registered for courses, premise 3 states missing the deadline prevents registration, and premise 1 states all students submitted registration requests, making the implication in option C true."
404,0,được sửa đổi,A,C,explanation supports C,"Based on the above premises, which statement can be inferred?
A. If the existence of a student allowed to enroll implies that passing Classical Mechanics allows taking Data Structures, then that same implication holds.
B. It is not true that if some student is allowed to enroll, then passing Classical Mechanics allows taking Data Structures.
C. If some student is allowed to enroll, then passing Classical Mechanics implies they can take Data Structures.
D. The statement that if some student is allowed to enroll, then passing Classical Mechanics implies they can take Data Structures is both true and false.","Premise 1 states all students can enroll, implying at least one can enroll. Premise 10 states all students passed Classical Mechanics. Premise 6 states that passing Classical Mechanics implies eligibility to take Data Structures. Thus, if some student can enroll, passing Classical Mechanics implies they can take Data Structures, making option C true."
406,1,được sửa đổi,Unknown,Yes,explanation supports Yes,"Based on the above premises, is the statement true?
Statement: ∀x (¬W(x) → ¬P(x))","The statement that if a dish is not well-prepared, it is not popular is true because it is explicitly stated (premise 25), and since every dish is well-prepared (premise 2), the implication holds."
410,1,được sửa đổi,Yes,No,explanation supports No,"Based on the above premises, is the statement true?
Statement: ¬∀x O(x)",The statement that not every drone has obstacle avoidance is false because every drone has obstacle avoidance (premise 16).
